id,label
20800,9.045763e-07
20801,0.9999993
20802,0.99994236
20803,5.5284886e-07
20804,0.9999992
20805,0.9999477
20806,3.4192929e-06
20807,0.999899
20808,0.9999888
20809,0.9999855
20810,0.99997544
20811,0.9229276
20812,0.99999326
20813,0.9998995
20814,0.9999995
20815,6.8862363e-07
20816,7.920829e-08
20817,1.7814679e-07
20818,0.99999964
20819,0.00019603968
20820,0.99994624
20821,0.99993306
20822,0.9999627
20823,0.9999933
20824,0.99999726
20825,7.105063e-08
20826,0.99998206
20827,6.8444024e-08
20828,4.1888399e-07
20829,0.9999703
20830,3.200239e-07
20831,0.99999833
20832,1.13344e-06
20833,9.8720075e-06
20834,0.9999994
20835,1.0280639e-06
20836,3.604326e-08
20837,0.9999933
20838,0.99999416
20839,1.2032423e-07
20840,1.2676579e-06
20841,7.43959e-06
20842,0.9999905
20843,2.7991484e-07
20844,2.4517867e-06
20845,0.99994755
20846,1.16373585e-07
20847,5.4640304e-06
20848,0.99998355
20849,0.9999925
20850,5.336375e-07
20851,0.99991417
20852,5.2580003e-06
20853,0.99998593
20854,0.99999976
20855,9.3033947e-07
20856,1.0
20857,2.4366852e-07
20858,1.9641556e-07
20859,6.9428975e-06
20860,0.9999889
20861,0.99993217
20862,0.99999875
20863,7.669067e-08
20864,0.99999523
20865,0.9999986
20866,0.9999993
20867,0.999997
20868,0.99997556
20869,2.7417231e-08
20870,0.99999744
20871,0.9999455
20872,0.99999756
20873,1.8746189e-06
20874,6.3362464e-08
20875,0.000207901
20876,2.1053202e-06
20877,1.357577e-07
20878,0.99798995
20879,5.7432523e-08
20880,2.8741417e-05
20881,0.9999998
20882,9.4036926e-07
20883,0.9999211
20884,0.9999995
20885,1.0
20886,4.1616877e-07
20887,1.755302e-06
20888,1.292336e-06
20889,8.080983e-08
20890,0.99999833
20891,8.9617875e-05
20892,1.7082033e-06
20893,0.99999774
20894,0.99999905
20895,1.1751617e-07
20896,1.430047e-07
20897,1.191886e-06
20898,0.99999523
20899,0.99999946
20900,3.011836e-05
20901,0.99999845
20902,9.6181374e-08
20903,3.7527326e-07
20904,1.3437572e-07
20905,6.268498e-06
20906,0.99999946
20907,2.5715133e-07
20908,0.82798076
20909,1.0
20910,0.99999577
20911,0.99944466
20912,5.999621e-08
20913,1.5462126e-07
20914,4.712984e-08
20915,1.2962598e-08
20916,1.3640022e-07
20917,0.9999994
20918,6.0192046e-06
20919,0.99967676
20920,0.99999213
20921,0.0013945103
20922,0.9999948
20923,1.5577625e-06
20924,9.072931e-08
20925,0.99996316
20926,0.9999901
20927,3.432404e-06
20928,0.9999903
20929,3.5672265e-06
20930,0.9999525
20931,1.4073748e-06
20932,0.9999781
20933,1.9237605e-07
20934,6.8604854e-06
20935,1.2908296e-06
20936,2.5537386e-07
20937,0.9999961
20938,0.99999976
20939,0.9999973
20940,0.9999895
20941,4.237473e-07
20942,0.99999714
20943,0.9997275
20944,0.99999946
20945,1.1228514e-06
20946,1.0
20947,0.99999964
20948,4.413201e-07
20949,5.250767e-07
20950,0.9713694
20951,1.20670475e-05
20952,1.06195166e-07
20953,0.99999845
20954,4.056963e-07
20955,0.9999994
20956,5.5407505e-05
20957,0.9999474
20958,3.1527787e-07
20959,0.99999964
20960,0.9999988
20961,0.999985
20962,0.9999807
20963,0.9999994
20964,5.0668464e-06
20965,0.9999956
20966,1.179408e-07
20967,0.9999963
20968,0.9999894
20969,3.5860584e-08
20970,3.4653032e-05
20971,6.4726737e-07
20972,7.409999e-08
20973,0.99997956
20974,1.3662903e-06
20975,0.002698332
20976,8.013418e-08
20977,2.687571e-06
20978,6.0282176e-08
20979,3.686086e-08
20980,6.773853e-07
20981,3.9049607e-07
20982,4.2757733e-07
20983,0.9999988
20984,2.1901397e-07
20985,0.99996865
20986,0.9999685
20987,5.348064e-08
20988,0.99999887
20989,2.0698151e-05
20990,0.9999958
20991,3.4446768e-07
20992,9.2156284e-07
20993,1.2840503e-07
20994,0.9999938
20995,0.9999968
20996,0.9990486
20997,0.99999213
20998,0.99999774
20999,0.11003834
21000,1.10569026e-07
21001,0.9999807
21002,5.9080173e-07
21003,0.9999974
21004,0.99999213
21005,0.99999774
21006,0.9999628
21007,0.9999995
21008,3.5202476e-08
21009,2.8498825e-05
21010,5.785378e-06
21011,0.9999951
21012,0.99998355
21013,5.9622187e-07
21014,0.9999993
21015,0.99994445
21016,0.9999997
21017,0.0004733801
21018,9.928926e-07
21019,0.99999523
21020,7.023987e-08
21021,0.9999976
21022,1.5909889e-07
21023,2.854825e-07
21024,0.9999998
21025,0.9999992
21026,1.0
21027,0.99999475
21028,2.0039422e-05
21029,1.3860392e-06
21030,9.11176e-08
21031,4.505822e-07
21032,0.9999998
21033,0.99974835
21034,0.99999964
21035,0.99999917
21036,0.9999999
21037,0.9999958
21038,0.99999464
21039,2.9555215e-08
21040,0.9999999
21041,0.9999945
21042,3.2783852e-08
21043,0.99999964
21044,0.9999995
21045,5.5739594e-05
21046,0.00020867586
21047,0.9999997
21048,0.00085535645
21049,0.99999607
21050,0.99999976
21051,0.9991602
21052,0.9999989
21053,4.3911393e-07
21054,0.999999
21055,1.4170561e-07
21056,7.382529e-07
21057,0.99998856
21058,0.98475444
21059,0.99999607
21060,2.6214404e-06
21061,0.9999983
21062,0.9999996
21063,1.3779041e-07
21064,0.9999997
21065,0.99999714
21066,0.9999985
21067,0.99999976
21068,3.2635306e-08
21069,0.9880972
21070,1.4555941e-07
21071,6.5961325e-07
21072,0.9999994
21073,0.9999848
21074,3.4271886e-07
21075,1.539454e-06
21076,1.076903e-07
21077,7.095634e-07
21078,4.6246867e-05
21079,0.9999996
21080,0.9999635
21081,0.9999997
21082,0.0011071563
21083,0.9999997
21084,1.0
21085,1.3241328e-06
21086,5.2836306e-08
21087,0.99999976
21088,9.702489e-08
21089,0.9999999
21090,1.3827419e-05
21091,0.99999285
21092,2.0182422e-05
21093,0.9999703
21094,0.9999969
21095,0.9999988
21096,0.99999833
21097,3.0943974e-07
21098,0.99993646
21099,5.125937e-08
21100,1.2382554e-07
21101,2.2845396e-07
21102,0.9999989
21103,0.99999857
21104,0.99999195
21105,0.023349315
21106,0.9999981
21107,1.0
21108,6.912767e-07
21109,6.878436e-06
21110,7.091588e-07
21111,0.99998474
21112,0.99999976
21113,1.199072e-06
21114,1.3814751e-07
21115,0.9999957
21116,1.4671686e-07
21117,0.99999845
21118,1.23137e-07
21119,0.9999954
21120,1.9890633e-06
21121,1.0172026e-06
21122,3.1318004e-06
21123,1.0
21124,3.376337e-07
21125,0.9999732
21126,0.9999803
21127,7.335235e-07
21128,4.28628e-08
21129,0.99999964
21130,0.99999857
21131,0.00012356043
21132,0.9999906
21133,0.99999905
21134,5.784316e-07
21135,0.99999905
21136,0.9999981
21137,1.8786895e-07
21138,2.866928e-07
21139,0.017484784
21140,0.99991286
21141,3.9210352e-08
21142,0.9999857
21143,1.2003294e-06
21144,0.99999475
21145,8.7517407e-07
21146,1.1637116e-05
21147,0.98880184
21148,4.3093252e-07
21149,1.0
21150,1.3359717e-07
21151,1.1519206e-06
21152,0.99999857
21153,1.0
21154,0.0003786385
21155,0.9916678
21156,0.99999946
21157,0.8691546
21158,9.827417e-06
21159,1.8625165e-05
21160,0.99999225
21161,1.9447702e-06
21162,0.999913
21163,0.99999857
21164,0.99979365
21165,0.0001809001
21166,0.99993336
21167,0.9999664
21168,1.15661505e-05
21169,8.909497e-07
21170,2.2588802e-07
21171,0.9999739
21172,3.9426575e-07
21173,0.00023436546
21174,0.99999946
21175,5.2136176e-07
21176,0.9999963
21177,0.99980026
21178,6.485615e-08
21179,1.644496e-07
21180,5.6317385e-06
21181,0.9999788
21182,0.9999998
21183,2.6697973e-07
21184,0.9994241
21185,0.85606515
21186,8.2729464e-05
21187,0.9999913
21188,1.7407688e-08
21189,9.679584e-07
21190,0.9999999
21191,0.9999994
21192,1.8148467e-07
21193,0.9995371
21194,0.0019552708
21195,1.0
21196,0.9628906
21197,4.486503e-08
21198,1.38909e-07
21199,4.9381316e-07
21200,3.1154166e-06
21201,5.0377157e-06
21202,1.4567162e-07
21203,6.4636647e-06
21204,0.99999774
21205,2.39192e-07
21206,0.00048303604
21207,0.9999948
21208,9.4601944e-08
21209,1.3434184e-06
21210,0.9909692
21211,8.059049e-08
21212,2.1684669e-07
21213,5.5707787e-06
21214,4.6032774e-06
21215,0.00010680585
21216,4.0251407e-06
21217,8.12362e-08
21218,0.9999727
21219,0.0007568896
21220,1.09544644e-07
21221,1.3692527e-06
21222,0.9999953
21223,3.6901892e-07
21224,0.99155706
21225,1.0
21226,2.453079e-07
21227,0.998111
21228,8.2794173e-07
21229,1.4340088e-07
21230,8.5158564e-07
21231,0.9999995
21232,1.6938024e-07
21233,1.0
21234,8.027863e-07
21235,8.0248896e-08
21236,1.1738367e-07
21237,0.9999883
21238,0.9923455
21239,2.3727468e-07
21240,1.0
21241,6.6811646e-07
21242,0.9999986
21243,1.7696208e-06
21244,3.4867608e-07
21245,0.9999998
21246,1.0870957e-07
21247,0.99999815
21248,3.9240803e-08
21249,3.9909573e-08
21250,0.99999976
21251,0.9999994
21252,0.9999988
21253,1.0
21254,0.00015440583
21255,1.961103e-05
21256,1.1161142e-05
21257,0.52328265
21258,0.9999995
21259,2.6612904e-06
21260,7.741122e-08
21261,1.0333808e-06
21262,3.8958436e-07
21263,1.99774e-06
21264,1.5661645e-07
21265,2.860727e-06
21266,0.050490767
21267,2.8656652e-07
21268,1.4526439e-06
21269,9.876588e-07
21270,0.99997175
21271,1.2602321e-07
21272,2.325017e-07
21273,1.3705022e-07
21274,0.999997
21275,3.0836875e-06
21276,0.99998647
21277,0.99999964
21278,2.8900173e-05
21279,0.99979293
21280,0.9999957
21281,0.9237199
21282,0.9999509
21283,6.6245326e-07
21284,2.583765e-07
21285,4.063668e-08
21286,1.0
21287,0.99999356
21288,6.037561e-08
21289,2.4437913e-06
21290,1.0480907e-08
21291,7.692804e-07
21292,1.7058064e-05
21293,0.9999967
21294,7.624259e-07
21295,4.812322e-05
21296,1.2978698e-07
21297,0.9999757
21298,0.9999993
21299,1.0
21300,0.99999666
21301,3.9283936e-08
21302,1.8696777e-07
21303,1.0
21304,0.9996407
21305,1.0
21306,2.386497e-07
21307,2.3249052e-06
21308,1.5527766e-07
21309,0.00014063716
21310,0.99999976
21311,0.9999994
21312,0.99999976
21313,9.235169e-07
21314,5.4590714e-08
21315,0.9999746
21316,1.2572531e-08
21317,3.2585967e-07
21318,2.3916177e-06
21319,6.9735016e-08
21320,9.122033e-05
21321,1.0408086e-06
21322,0.9999979
21323,0.9999993
21324,6.0252983e-06
21325,0.9996383
21326,0.00014337897
21327,1.7687046e-08
21328,0.9999989
21329,0.9999989
21330,0.9999906
21331,0.999997
21332,6.115588e-07
21333,0.9998934
21334,0.99999964
21335,0.00018250942
21336,0.99999535
21337,5.4716124e-06
21338,0.9999982
21339,1.998178e-06
21340,0.9999995
21341,0.9999974
21342,0.9999919
21343,0.00018504262
21344,3.2431356e-07
21345,0.9999988
21346,3.292053e-07
21347,9.539776e-08
21348,0.9999893
21349,1.7734635e-07
21350,2.1886594e-07
21351,0.99999934
21352,0.0047352314
21353,0.9999989
21354,0.99999654
21355,1.8266584e-06
21356,0.999992
21357,1.7598369e-07
21358,6.987202e-06
21359,0.99894893
21360,4.1499328e-07
21361,0.9998882
21362,4.4217282e-05
21363,2.7033943e-07
21364,0.99998015
21365,0.9999386
21366,0.041814834
21367,0.999999
21368,0.9999944
21369,1.0483797e-06
21370,0.9999988
21371,9.388365e-08
21372,0.999997
21373,6.1329075e-08
21374,5.981611e-07
21375,1.0445309e-07
21376,0.021201402
21377,0.9999995
21378,4.192037e-07
21379,0.9982508
21380,2.636486e-06
21381,1.618545e-07
21382,0.99999976
21383,0.99999774
21384,1.277925e-05
21385,0.9999341
21386,0.999999
21387,0.9999503
21388,2.5646483e-07
21389,0.99999857
21390,0.9999663
21391,0.99999857
21392,1.3777814e-06
21393,7.4671084e-07
21394,5.5670586e-07
21395,6.016455e-08
21396,1.8473376e-06
21397,6.549215e-07
21398,6.513285e-08
21399,1.7297737e-08
21400,0.9999996
21401,3.3056e-05
21402,0.9999993
21403,1.0
21404,1.5791958e-06
21405,1.5536342e-07
21406,2.166749e-07
21407,0.9382093
21408,1.3734868e-07
21409,1.1400393e-07
21410,0.9999988
21411,0.9999845
21412,5.184671e-07
21413,7.5144825e-08
21414,9.404132e-07
21415,0.91334397
21416,0.9999973
21417,0.003988713
21418,1.7303726e-06
21419,0.9999983
21420,0.99999946
21421,7.3635647e-07
21422,0.99999493
21423,2.8719755e-06
21424,4.806795e-07
21425,4.7639446e-06
21426,0.99999726
21427,1.2893004e-06
21428,0.9999998
21429,3.2746918e-08
21430,0.00080651045
21431,0.99999845
21432,7.4643424e-08
21433,0.99999964
21434,3.6090967e-06
21435,0.029766947
21436,7.4936283e-06
21437,0.99998254
21438,4.958771e-06
21439,0.99999726
21440,1.10575144e-07
21441,0.99999946
21442,0.99999917
21443,0.99999416
21444,2.7083954e-07
21445,1.0
21446,0.9999895
21447,9.181346e-07
21448,0.9999855
21449,0.99999976
21450,0.9999994
21451,0.99999714
21452,4.001079e-08
21453,0.98864806
21454,1.5617944e-07
21455,0.9998238
21456,3.6785133e-07
21457,0.9999822
21458,7.253989e-07
21459,1.913003e-07
21460,0.999997
21461,0.9999968
21462,5.5181886e-06
21463,0.99999946
21464,6.4164135e-07
21465,1.0435527e-06
21466,2.0754871e-06
21467,8.900911e-07
21468,0.99985963
21469,2.8370235e-07
21470,1.6018501e-07
21471,0.99991035
21472,0.0038775504
21473,7.0081032e-06
21474,3.7689188e-07
21475,2.6041192e-07
21476,0.99999964
21477,0.99997485
21478,3.351588e-08
21479,0.9999722
21480,0.99999964
21481,6.993348e-08
21482,0.99999976
21483,0.00021761656
21484,1.8391856e-05
21485,0.9999987
21486,2.2613613e-05
21487,0.9999987
21488,0.9187163
21489,2.0220142e-07
21490,0.00073453784
21491,8.2458416e-07
21492,0.9999914
21493,0.99999726
21494,2.808214e-06
21495,7.958105e-06
21496,0.9999945
21497,0.00012809038
21498,0.9999982
21499,3.844323e-08
21500,7.4096494e-07
21501,6.503354e-08
21502,3.8973617e-08
21503,0.9999962
21504,0.85860443
21505,0.9999994
21506,0.99999905
21507,7.5328867e-06
21508,4.493217e-08
21509,6.594435e-05
21510,1.1196701e-06
21511,0.99999106
21512,8.936814e-07
21513,0.999994
21514,1.9134427e-07
21515,1.3952776e-08
21516,0.99999946
21517,0.99611783
21518,3.8560065e-06
21519,7.024829e-05
21520,0.9998188
21521,4.9079965e-08
21522,0.9999997
21523,0.9999993
21524,0.99998724
21525,3.9634507e-08
21526,3.3741676e-07
21527,1.3794306e-07
21528,0.9999635
21529,9.553578e-08
21530,8.780044e-06
21531,2.5341507e-07
21532,8.5463904e-07
21533,2.1490878e-07
21534,2.2544696e-06
21535,8.44737e-07
21536,5.8217825e-07
21537,1.0
21538,0.9999516
21539,1.9987336e-05
21540,0.99997187
21541,0.99943376
21542,1.1087181e-08
21543,1.1749725e-05
21544,0.9999788
21545,3.5729755e-07
21546,3.2202982e-07
21547,0.00038009882
21548,0.0148797035
21549,9.000663e-07
21550,0.9999982
21551,0.99939305
21552,0.9999993
21553,0.99999976
21554,1.0455411e-06
21555,0.99999446
21556,2.046536e-07
21557,1.4865236e-08
21558,0.99999905
21559,0.99977636
21560,1.364932e-06
21561,1.6303281e-07
21562,4.3696696e-06
21563,4.126133e-05
21564,0.9999963
21565,0.9999985
21566,2.8831612e-06
21567,1.0
21568,9.647199e-07
21569,3.0151885e-08
21570,2.7261825e-07
21571,0.99999857
21572,1.6002011e-07
21573,0.99999714
21574,2.1907342e-06
21575,2.3595912e-05
21576,1.3167076e-07
21577,0.9999703
21578,0.9999963
21579,0.99830705
21580,0.029343307
21581,0.9999703
21582,0.99999976
21583,0.99999964
21584,1.0
21585,0.9999999
21586,5.476084e-05
21587,0.0024899542
21588,2.611808e-08
21589,2.57028e-07
21590,2.2799992e-07
21591,3.087398e-08
21592,5.2286156e-05
21593,0.99999386
21594,0.9999989
21595,3.2045511e-07
21596,2.5648708e-07
21597,1.0
21598,8.9345554e-07
21599,0.9999992
21600,3.4098122e-07
21601,1.7490808e-06
21602,0.9999968
21603,0.99998987
21604,7.0590815e-08
21605,8.044966e-06
21606,9.660429e-07
21607,0.9999875
21608,7.292429e-07
21609,0.9999993
21610,1.0
21611,0.99999774
21612,0.9999942
21613,3.5866998e-07
21614,0.9999865
21615,0.00035494566
21616,6.1848176e-08
21617,2.8469307e-08
21618,0.99994457
21619,2.4526486e-07
21620,1.296843e-07
21621,0.99998856
21622,2.26132e-07
21623,0.9999889
21624,0.99999726
21625,6.337398e-07
21626,0.99993694
21627,0.99999416
21628,0.9999993
21629,0.99999964
21630,5.1678626e-07
21631,0.99999833
21632,4.3791963e-05
21633,0.99999964
21634,0.30140778
21635,0.9999865
21636,2.600957e-07
21637,0.99999905
21638,2.446101e-07
21639,0.9999963
21640,0.9999382
21641,0.99999166
21642,1.3900986e-07
21643,5.6598434e-08
21644,7.824206e-06
21645,0.999809
21646,5.488815e-07
21647,5.155999e-07
21648,2.5910544e-05
21649,0.9997995
21650,0.99999976
21651,0.99999857
21652,0.99962544
21653,4.4262464e-07
21654,0.9999813
21655,3.0855203e-06
21656,0.999995
21657,0.9999926
21658,0.9999979
21659,1.4261954e-07
21660,1.8769954e-07
21661,0.99999654
21662,1.4524472e-06
21663,0.99999225
21664,2.6612646e-08
21665,0.9997848
21666,0.002947569
21667,0.99999976
21668,1.0
21669,4.7115552e-08
21670,0.9999962
21671,1.7135746e-06
21672,1.0337525e-06
21673,0.4031181
21674,4.7161457e-06
21675,1.4421924e-07
21676,1.8379765e-06
21677,0.9999999
21678,0.999998
21679,7.197884e-08
21680,6.44459e-08
21681,0.9999984
21682,0.9999882
21683,0.9999992
21684,0.9999994
21685,0.99999964
21686,0.9999981
21687,0.99999285
21688,0.99996424
21689,0.9999997
21690,0.99999976
21691,3.340144e-07
21692,0.9999975
21693,4.3732466e-06
21694,0.00045004487
21695,0.9999579
21696,3.8342554e-07
21697,1.04800726e-07
21698,9.613402e-07
21699,0.999999
21700,0.999998
21701,9.097538e-08
21702,1.0790651e-05
21703,2.7368944e-07
21704,3.5962984e-08
21705,0.9999998
21706,3.153797e-06
21707,0.9999278
21708,0.99999505
21709,0.99994195
21710,9.867249e-07
21711,7.127445e-08
21712,0.9999982
21713,0.9999982
21714,0.99999845
21715,0.99999905
21716,0.037380338
21717,2.2583309e-07
21718,0.99178606
21719,1.9165118e-06
21720,3.4833192e-06
21721,0.9999989
21722,0.99999964
21723,0.9999969
21724,1.4200425e-08
21725,0.99998415
21726,0.99999446
21727,3.4330783e-06
21728,5.8162163e-07
21729,0.9999978
21730,0.9986745
21731,1.7155524e-07
21732,0.9999922
21733,0.9999993
21734,1.6030904e-06
21735,0.023142576
21736,2.997806e-07
21737,8.233297e-06
21738,0.9999989
21739,0.0001142113
21740,0.9999963
21741,0.9918325
21742,0.9999703
21743,0.9999981
21744,0.9999988
21745,1.1129663e-06
21746,0.9999703
21747,0.9999982
21748,0.99999875
21749,0.9999543
21750,0.99998003
21751,2.997906e-07
21752,4.0053852e-08
21753,0.99998873
21754,0.011276841
21755,5.723921e-05
21756,0.99999976
21757,0.99999446
21758,1.2444397e-07
21759,6.5625136e-07
21760,0.9999983
21761,1.1164919e-07
21762,0.95457006
21763,0.9999994
21764,1.2260658e-06
21765,0.9999695
21766,0.9999965
21767,3.412086e-05
21768,4.7278334e-07
21769,0.9999998
21770,1.268257e-07
21771,1.983669e-07
21772,2.0483441e-07
21773,3.7622968e-07
21774,0.9954424
21775,6.2773785e-07
21776,1.5228986e-07
21777,0.0019043982
21778,0.99999946
21779,0.009176582
21780,4.6008478e-07
21781,1.7837868e-07
21782,1.0
21783,0.02524671
21784,0.9999943
21785,0.9999999
21786,1.6593006e-06
21787,4.700394e-06
21788,1.1595981e-07
21789,1.0
21790,0.9999933
21791,7.1774843e-06
21792,3.14483e-07
21793,2.690511e-07
21794,0.9999985
21795,5.806933e-07
21796,0.999998
21797,1.2223678e-05
21798,0.99998164
21799,3.7214146e-08
21800,1.5920983e-07
21801,0.9999339
21802,0.99999845
21803,0.9999589
21804,2.4552098e-06
21805,1.0530331e-06
21806,0.99999976
21807,0.99999964
21808,0.9999852
21809,0.9999906
21810,0.9999815
21811,0.99993086
21812,2.4354563e-07
21813,1.08584615e-07
21814,0.9999908
21815,1.2146292e-06
21816,0.9999995
21817,1.1370968e-05
21818,0.99999964
21819,6.1311766e-08
21820,6.3544735e-06
21821,0.9999963
21822,0.00034356117
21823,3.9220055e-07
21824,0.9999997
21825,5.563812e-08
21826,0.9999993
21827,0.9999976
21828,0.99999774
21829,0.9999826
21830,0.99999857
21831,0.9999923
21832,0.999472
21833,0.99075174
21834,0.9999703
21835,1.0
21836,2.9372405e-08
21837,0.999997
21838,1.29567646e-08
21839,0.9999996
21840,0.99999917
21841,0.9999279
21842,5.550171e-08
21843,4.3365933e-05
21844,0.99999106
21845,5.8328922e-05
21846,3.999519e-06
21847,0.9999951
21848,0.99999976
21849,0.9999979
21850,0.9999708
21851,0.9999847
21852,3.628558e-08
21853,0.999999
21854,0.99997014
21855,0.99998707
21856,1.1687932e-07
21857,0.99999166
21858,6.0497372e-05
21859,2.4240464e-07
21860,2.451173e-07
21861,0.99999714
21862,0.9997686
21863,0.99999905
21864,5.2779177e-07
21865,0.99999803
21866,0.99999285
21867,5.3475264e-07
21868,5.580488e-06
21869,0.99999976
21870,0.9999993
21871,4.310213e-07
21872,9.5900184e-08
21873,0.9999978
21874,0.9999994
21875,0.9999529
21876,3.657603e-08
21877,7.812927e-07
21878,0.9999938
21879,0.99999976
21880,4.861031e-07
21881,0.9999996
21882,0.9999996
21883,3.2454516e-06
21884,1.0
21885,7.9668446e-08
21886,1.7667247e-07
21887,4.88165e-08
21888,0.9999995
21889,1.1399519e-06
21890,0.123354554
21891,2.5975314e-07
21892,1.1542662e-08
21893,1.3606088e-05
21894,1.2833806e-07
21895,1.0
21896,0.99999964
21897,1.1476108e-07
21898,1.7410552e-07
21899,0.99999684
21900,1.7336093e-07
21901,0.9999983
21902,0.99996996
21903,0.9999999
21904,0.00018045306
21905,1.0
21906,0.9999993
21907,0.9999995
21908,0.99997187
21909,6.588525e-07
21910,0.9999304
21911,2.6284646e-08
21912,5.000447e-08
21913,1.4477978e-06
21914,0.99460614
21915,0.9999944
21916,6.6284315e-07
21917,8.368984e-08
21918,1.7530696e-05
21919,3.009163e-07
21920,7.219884e-08
21921,0.8586697
21922,6.80032e-07
21923,2.5678764e-07
21924,1.2636416e-05
21925,1.2274428e-06
21926,1.9864481e-07
21927,0.99999917
21928,0.9999789
21929,0.9999982
21930,0.99999744
21931,0.99998975
21932,0.9999923
21933,0.9999913
21934,0.99997556
21935,0.000102303595
21936,0.9999962
21937,0.862757
21938,0.99987054
21939,0.9999985
21940,0.9868742
21941,7.885778e-07
21942,7.686274e-06
21943,0.99999833
21944,0.9999993
21945,0.9999989
21946,0.99999964
21947,0.9999938
21948,7.8327645e-07
21949,1.7123494e-06
21950,1.0
21951,0.9999995
21952,1.4380927e-07
21953,1.0487616e-06
21954,0.9999999
21955,0.9999988
21956,2.054207e-07
21957,0.9999999
21958,3.4202503e-07
21959,3.9636095e-08
21960,0.9999901
21961,3.4915872e-06
21962,5.552419e-07
21963,3.1315093e-07
21964,6.9324306e-06
21965,0.99939865
21966,0.99999964
21967,2.9025267e-07
21968,0.99999666
21969,0.9999987
21970,3.1082746e-07
21971,0.9999968
21972,2.441135e-07
21973,3.4967042e-07
21974,0.9999903
21975,0.99981606
21976,0.9999931
21977,7.0328288e-06
21978,0.9999389
21979,5.8746405e-08
21980,3.865495e-06
21981,0.9999975
21982,4.020525e-08
21983,1.5653195e-05
21984,0.9999983
21985,0.9999516
21986,1.584181e-08
21987,0.6927572
21988,1.2052319e-06
21989,1.3451613e-05
21990,0.9999864
21991,9.367059e-05
21992,0.9999976
21993,0.9999066
21994,0.9999994
21995,0.99999857
21996,5.126478e-05
21997,1.7251625e-06
21998,1.5024623e-06
21999,9.8031435e-08
22000,0.99999976
22001,0.9999994
22002,0.99999946
22003,0.99999976
22004,0.9999379
22005,0.99999917
22006,0.9999989
22007,1.5217001e-08
22008,5.533373e-07
22009,0.00015103817
22010,3.4301231e-06
22011,0.9999976
22012,0.032447517
22013,6.334141e-07
22014,0.0020914376
22015,3.7235268e-06
22016,4.409636e-06
22017,8.076114e-08
22018,2.4355353e-07
22019,0.9999996
22020,1.0
22021,0.9998012
22022,7.855266e-07
22023,0.9999919
22024,7.324058e-07
22025,2.4553875e-08
22026,0.99996537
22027,0.9999703
22028,6.013782e-08
22029,0.9999714
22030,0.99999976
22031,0.9999926
22032,1.2349421e-06
22033,0.99998343
22034,0.99999976
22035,9.805824e-07
22036,6.1130194e-08
22037,4.949822e-08
22038,0.9999968
22039,1.5016522e-07
22040,6.11506e-08
22041,0.99999
22042,0.9999996
22043,0.00012226576
22044,1.4592796e-06
22045,0.9999994
22046,1.0
22047,3.9803086e-07
22048,1.4285347e-06
22049,0.9999999
22050,7.862057e-05
22051,6.2144244e-07
22052,7.755798e-08
22053,0.001079768
22054,0.9999994
22055,0.9986098
22056,0.99980474
22057,0.9999996
22058,0.9999993
22059,0.9996153
22060,3.9122963e-07
22061,0.99766576
22062,0.9999937
22063,6.265752e-07
22064,4.2142878e-07
22065,0.9999694
22066,1.0
22067,5.982846e-08
22068,0.9999962
22069,0.9999989
22070,1.0
22071,0.9999997
22072,2.9164847e-08
22073,2.3773583e-07
22074,0.99998665
22075,4.6402067e-05
22076,1.5616507e-06
22077,8.346459e-08
22078,2.1586611e-06
22079,1.3794353e-06
22080,1.0014604e-07
22081,0.9999996
22082,7.2460544e-08
22083,1.5282003e-05
22084,6.8633976e-06
22085,0.9999894
22086,0.9999993
22087,0.9999902
22088,1.8466991e-07
22089,1.0
22090,0.9999593
22091,9.605337e-07
22092,0.9999974
22093,0.9999989
22094,6.699173e-06
22095,8.8748344e-08
22096,0.99999744
22097,3.9143472e-08
22098,0.008741587
22099,4.081797e-07
22100,6.647717e-08
22101,8.710172e-06
22102,0.99983275
22103,9.71649e-08
22104,0.99997866
22105,8.627503e-07
22106,1.6284797e-06
22107,4.5987466e-07
22108,0.99999964
22109,1.4620949e-06
22110,0.99999917
22111,0.9999965
22112,0.9999999
22113,0.9997221
22114,1.1093448e-07
22115,0.9999959
22116,7.942539e-06
22117,6.4416284e-08
22118,2.020139e-05
22119,1.8048186e-07
22120,0.99985087
22121,0.99999356
22122,0.9999963
22123,0.9999584
22124,1.0319145e-06
22125,4.365429e-08
22126,0.9999906
22127,0.9999995
22128,4.054471e-06
22129,6.1507903e-06
22130,0.99999034
22131,0.9999994
22132,5.460608e-06
22133,0.9999997
22134,1.224085e-07
22135,2.8571156e-07
22136,6.017617e-07
22137,6.8098336e-05
22138,3.3725637e-08
22139,2.0847858e-07
22140,1.2674035e-07
22141,3.07835e-07
22142,0.9994095
22143,8.434205e-08
22144,0.99999726
22145,3.1387042e-08
22146,0.99998605
22147,0.99999934
22148,0.0033334792
22149,0.99996805
22150,3.2718262e-08
22151,5.3435302e-05
22152,1.0
22153,0.0007368028
22154,8.1831934e-07
22155,0.999985
22156,1.14645245e-05
22157,0.9999967
22158,0.9999557
22159,0.99999845
22160,0.9999888
22161,0.99999857
22162,8.807655e-07
22163,7.770176e-06
22164,0.000116553034
22165,0.99999726
22166,1.0
22167,1.6721438e-08
22168,0.99999976
22169,0.99999976
22170,9.409124e-08
22171,1.6360387e-06
22172,0.9999761
22173,1.978317e-07
22174,0.9716655
22175,2.9217395e-07
22176,1.4816006e-05
22177,0.00051528215
22178,0.9999994
22179,5.620452e-07
22180,0.0005636811
22181,0.9999995
22182,3.2839555e-06
22183,4.987265e-06
22184,0.999999
22185,0.999999
22186,1.0
22187,3.2541806e-07
22188,3.8804552e-07
22189,1.519464e-08
22190,0.01396659
22191,8.2942954e-08
22192,0.9999982
22193,0.99997586
22194,1.8867117e-07
22195,0.99999917
22196,2.9295546e-07
22197,0.99999875
22198,0.99999017
22199,8.781986e-06
22200,1.2301786e-07
22201,4.086543e-08
22202,1.4748487e-06
22203,0.9999905
22204,0.99999905
22205,7.670453e-07
22206,2.5927263e-06
22207,3.0607553e-06
22208,0.999998
22209,0.99999875
22210,6.9687753e-06
22211,0.99999976
22212,0.9999492
22213,1.0
22214,0.9999831
22215,6.7640053e-06
22216,1.1148072e-06
22217,0.9999945
22218,1.3290808e-06
22219,0.99999666
22220,0.00015226007
22221,0.9957843
22222,0.99999875
22223,1.0
22224,0.9999976
22225,0.9999703
22226,1.3285169e-06
22227,2.0045769e-05
22228,0.99999887
22229,0.9999986
22230,0.99995553
22231,0.99999285
22232,5.357082e-05
22233,3.9472983e-08
22234,0.00020244718
22235,3.0794763e-06
22236,1.0
22237,0.9999987
22238,0.99999875
22239,0.9999997
22240,1.02239355e-07
22241,3.348502e-06
22242,0.99999833
22243,3.2451112e-06
22244,0.99992424
22245,0.9999876
22246,0.051740438
22247,4.116619e-06
22248,0.98990834
22249,1.4110014e-05
22250,0.99675024
22251,1.1704257e-06
22252,0.9999997
22253,4.7018066e-06
22254,1.7446138e-07
22255,3.5174574e-07
22256,0.9999995
22257,4.4499466e-06
22258,0.9999781
22259,0.9999988
22260,0.9999769
22261,1.7929197e-07
22262,0.99999714
22263,1.9176452e-08
22264,0.99999684
22265,0.99999976
22266,3.1846188e-08
22267,7.643115e-05
22268,0.99999547
22269,0.9999939
22270,8.856297e-07
22271,4.5388603e-08
22272,0.9999974
22273,0.99999887
22274,2.9416265e-07
22275,0.99998784
22276,0.99999774
22277,1.4414101e-07
22278,0.9999995
22279,0.9999993
22280,2.9945457e-07
22281,8.890748e-07
22282,0.99998116
22283,0.9968293
22284,1.1203296e-07
22285,0.9997591
22286,0.9999996
22287,2.2098543e-06
22288,0.0005158484
22289,0.99999785
22290,2.0419779e-07
22291,1.759404e-07
22292,4.3940737e-08
22293,1.1505592e-06
22294,4.2834525e-08
22295,0.9999988
22296,5.255879e-08
22297,2.1443966e-06
22298,3.4300432e-05
22299,0.9994881
22300,0.9999995
22301,0.99999976
22302,2.1075509e-07
22303,0.0024006665
22304,0.9999993
22305,0.9999976
22306,0.9999993
22307,0.9999964
22308,4.7120025e-07
22309,2.2967106e-06
22310,2.5181457e-06
22311,5.523179e-08
22312,0.029821694
22313,0.9999958
22314,0.9999997
22315,0.99999875
22316,0.99999475
22317,5.7552686e-05
22318,5.7333887e-07
22319,0.9999713
22320,5.2827637e-08
22321,0.9999998
22322,1.6835906e-05
22323,0.99999964
22324,7.997599e-08
22325,0.9999732
22326,0.9999983
22327,4.9014012e-08
22328,1.0
22329,1.0
22330,0.9999646
22331,0.99999964
22332,9.864121e-06
22333,0.99989295
22334,0.99999946
22335,1.0339007e-07
22336,3.7482314e-06
22337,1.612314e-08
22338,0.999907
22339,0.026526034
22340,2.5423617e-05
22341,8.5089556e-07
22342,0.9999962
22343,1.2213907e-06
22344,3.3442255e-08
22345,2.0190275e-07
22346,3.671176e-08
22347,0.9998121
22348,1.6395163e-07
22349,1.2400286e-06
22350,0.99997675
22351,3.2704895e-07
22352,0.99999964
22353,1.0
22354,0.9999995
22355,3.455246e-06
22356,0.99998885
22357,0.9999163
22358,0.9999937
22359,0.99999815
22360,0.9999987
22361,1.0191907e-07
22362,6.8759305e-06
22363,6.887084e-07
22364,0.99999964
22365,0.9994428
22366,0.9999988
22367,2.8376215e-07
22368,3.848222e-06
22369,3.352744e-07
22370,0.99955755
22371,0.9999988
22372,0.99999195
22373,0.99999857
22374,2.1228999e-07
22375,4.1209087e-06
22376,1.6471816e-07
22377,0.99999434
22378,0.99999094
22379,0.9964287
22380,4.6116525e-06
22381,1.0
22382,0.9999995
22383,0.99999714
22384,5.34578e-06
22385,0.9999964
22386,0.9999933
22387,0.9999995
22388,4.1796022e-07
22389,0.9999708
22390,1.6648673e-06
22391,0.99998856
22392,3.1374998e-07
22393,0.9999998
22394,2.3762205e-07
22395,0.9999992
22396,1.4922109e-06
22397,0.99684036
22398,2.757074e-07
22399,0.99999833
22400,8.2295793e-07
22401,0.99999946
22402,2.0517803e-06
22403,0.99999845
22404,0.9943665
22405,0.9998948
22406,0.99999976
22407,0.99993587
22408,2.976517e-07
22409,7.8229925e-07
22410,3.0877634e-06
22411,9.679735e-08
22412,0.9999995
22413,3.4325006e-07
22414,0.9999567
22415,0.9999993
22416,2.6706988e-07
22417,0.9984042
22418,0.9999993
22419,0.9999994
22420,1.9752987e-07
22421,1.8378547e-07
22422,1.2018002e-06
22423,2.586096e-06
22424,3.4985422e-07
22425,0.99947333
22426,3.70524e-07
22427,0.99999976
22428,0.999122
22429,8.8832515e-08
22430,2.6644202e-07
22431,0.99999905
22432,0.99999154
22433,0.9999342
22434,0.9999981
22435,0.99999845
22436,8.0736804e-08
22437,1.2104961e-08
22438,0.9999997
22439,7.6538156e-05
22440,0.9997415
22441,1.0
22442,0.99999976
22443,2.245935e-06
22444,0.999998
22445,8.23729e-07
22446,4.755059e-07
22447,0.999997
22448,1.0
22449,0.999999
22450,0.9999995
22451,0.9999997
22452,1.8815673e-07
22453,6.661845e-08
22454,0.99999976
22455,0.999997
22456,0.9999975
22457,2.193388e-07
22458,2.8778415e-05
22459,5.9396194e-07
22460,1.1324627e-07
22461,0.9999939
22462,1.5027051e-07
22463,6.660435e-06
22464,1.449481e-07
22465,0.976135
22466,0.99996173
22467,0.9999932
22468,1.7435924e-07
22469,1.0172952e-07
22470,0.004219353
22471,0.99999964
22472,2.5882374e-08
22473,0.99999714
22474,3.1797693e-08
22475,0.9999994
22476,0.9999876
22477,0.99999887
22478,0.9999996
22479,1.9587694e-06
22480,0.99999946
22481,0.99999803
22482,0.99999785
22483,4.2184595e-08
22484,1.0
22485,1.294165e-06
22486,0.99999845
22487,0.00024059415
22488,2.0676282e-06
22489,9.250109e-07
22490,1.5233721e-07
22491,0.99999976
22492,9.834645e-06
22493,5.072445e-08
22494,0.9999989
22495,7.645874e-08
22496,1.1953966e-06
22497,1.1383538e-06
22498,0.999586
22499,2.649378e-08
22500,0.002413094
22501,3.7978107e-06
22502,9.246145e-08
22503,1.1188365e-06
22504,1.3864351e-07
22505,2.2841823e-07
22506,0.9999679
22507,0.9998734
22508,0.99999905
22509,0.9999994
22510,0.9999991
22511,1.0877933e-06
22512,1.1057915e-07
22513,0.00075399876
22514,1.0
22515,1.3547603e-05
22516,1.0
22517,0.9999893
22518,3.4703365e-07
22519,0.99998045
22520,3.879473e-08
22521,0.9999764
22522,0.9999703
22523,1.5055332e-06
22524,0.99998677
22525,9.393224e-07
22526,2.9969385e-06
22527,0.9999968
22528,6.9697154e-07
22529,0.99994314
22530,0.9999984
22531,0.99999696
22532,0.9999635
22533,0.9999948
22534,0.99997354
22535,3.1036066e-07
22536,3.7664306e-06
22537,0.0006991923
22538,0.99729276
22539,0.00034227967
22540,1.3635412e-06
22541,0.9793693
22542,1.1780995e-07
22543,0.7913377
22544,0.99999106
22545,4.924406e-08
22546,3.5733842e-07
22547,0.99999905
22548,1.2720423e-07
22549,0.9485544
22550,2.9277697e-07
22551,4.771276e-07
22552,1.8560612e-06
22553,0.8869243
22554,1.0
22555,2.3131074e-07
22556,5.1949763e-07
22557,0.9999995
22558,0.0009857416
22559,0.9999503
22560,8.0745586e-08
22561,2.9520627e-06
22562,0.9999995
22563,0.99999976
22564,0.9999996
22565,2.0663547e-06
22566,3.467359e-07
22567,1.4190109e-08
22568,0.9999997
22569,5.5000805e-07
22570,5.0111985e-06
22571,0.9999248
22572,0.99999124
22573,0.9999995
22574,0.64002717
22575,0.9999987
22576,0.9999728
22577,1.0608024e-06
22578,0.99999803
22579,0.99999964
22580,4.6316363e-06
22581,7.3933543e-06
22582,0.9999968
22583,1.287394e-07
22584,4.7758483e-08
22585,0.9999898
22586,2.6839223e-07
22587,0.9999906
22588,1.740343e-05
22589,2.1366009e-06
22590,1.7370043e-06
22591,0.99999297
22592,8.831539e-08
22593,2.2230431e-07
22594,4.592188e-08
22595,7.9288554e-08
22596,1.5625908e-06
22597,0.9999997
22598,3.31405e-05
22599,1.16738626e-07
22600,0.9999989
22601,0.99963045
22602,4.321915e-07
22603,5.5026146e-07
22604,3.409456e-08
22605,3.996131e-07
22606,0.9999993
22607,6.4239357e-06
22608,1.1367937e-08
22609,2.9170204e-07
22610,0.9999994
22611,0.99999774
22612,6.245164e-07
22613,0.9999996
22614,0.99999905
22615,0.9994951
22616,3.4506425e-06
22617,0.9999989
22618,0.9999997
22619,0.99976206
22620,8.544113e-08
22621,0.9999986
22622,0.99999976
22623,3.1322216e-08
22624,1.1146594e-06
22625,0.9999765
22626,0.0005065799
22627,1.932187e-07
22628,0.9999703
22629,1.0
22630,0.99999917
22631,1.6148e-07
22632,1.0
22633,3.4116306e-07
22634,1.1203526e-06
22635,1.0262893e-07
22636,0.9999703
22637,0.99999946
22638,9.57547e-08
22639,2.8084647e-05
22640,1.0
22641,3.348328e-07
22642,0.99989736
22643,5.143679e-06
22644,4.4153143e-07
22645,1.0
22646,2.5352806e-06
22647,0.99999785
22648,0.99999976
22649,0.9999925
22650,0.99999774
22651,0.99999976
22652,0.0003848374
22653,1.0
22654,0.9999732
22655,0.9985821
22656,8.026864e-08
22657,0.99999547
22658,7.4108186e-08
22659,2.3983752e-05
22660,1.3377999e-07
22661,1.0
22662,0.999998
22663,0.9999937
22664,8.337883e-08
22665,0.99999964
22666,0.99997526
22667,5.809237e-07
22668,5.599872e-08
22669,0.9999913
22670,9.8524775e-05
22671,0.9999515
22672,0.99999166
22673,0.99999976
22674,0.999997
22675,0.9999997
22676,0.99999917
22677,0.99997425
22678,1.40163e-06
22679,0.9999973
22680,1.3251983e-07
22681,0.9999995
22682,1.700268e-07
22683,1.9905349e-07
22684,0.9999992
22685,0.0005056858
22686,5.223489e-08
22687,8.3354536e-07
22688,2.4989115e-06
22689,0.99999535
22690,3.7921973e-06
22691,1.5080097e-07
22692,0.9999925
22693,0.00016614795
22694,5.0348003e-06
22695,1.0
22696,0.99999964
22697,0.9998144
22698,0.9999993
22699,0.9720768
22700,0.99999785
22701,0.9999994
22702,2.2782756e-07
22703,3.188466e-08
22704,0.012759417
22705,0.9997277
22706,3.458302e-08
22707,0.9999994
22708,0.99998623
22709,0.99995553
22710,7.165803e-08
22711,2.342656e-05
22712,2.8165593e-07
22713,0.9999702
22714,3.3896827e-06
22715,4.137329e-06
22716,0.9999962
22717,1.4066964e-07
22718,2.5730916e-08
22719,0.99999785
22720,1.6071177e-06
22721,2.6460893e-07
22722,0.999997
22723,3.6188868e-07
22724,1.3612629e-07
22725,1.4587808e-07
22726,0.00021907687
22727,6.8716105e-08
22728,7.658791e-08
22729,0.99999756
22730,0.022640496
22731,2.7213343e-06
22732,0.9999991
22733,0.99999404
22734,0.9999909
22735,1.845898e-05
22736,0.9967569
22737,0.9999745
22738,2.0008409e-07
22739,6.8802634e-05
22740,5.244091e-07
22741,0.99999917
22742,4.1506175e-07
22743,0.20661199
22744,6.572654e-05
22745,0.99999857
22746,0.9999996
22747,0.99999845
22748,1.7377664e-06
22749,0.99999976
22750,0.9999994
22751,3.2138967e-06
22752,0.077746004
22753,0.9999995
22754,0.99998707
22755,0.9999994
22756,6.379098e-07
22757,5.758791e-06
22758,0.99999726
22759,0.99997044
22760,7.118271e-07
22761,0.9999989
22762,0.99982494
22763,3.491098e-06
22764,7.074023e-06
22765,4.209548e-07
22766,1.1530367e-07
22767,0.0067026317
22768,4.2301586e-08
22769,0.9999995
22770,0.99999905
22771,2.488101e-08
22772,0.9999965
22773,2.014402e-07
22774,0.99995375
22775,1.983514e-07
22776,0.00017642975
22777,0.99999964
22778,8.3287595e-08
22779,0.999986
22780,0.99998605
22781,1.4549447e-07
22782,0.99999964
22783,1.6091813e-05
22784,0.9999962
22785,1.7378487e-05
22786,2.2475804e-08
22787,7.9028075e-07
22788,1.0747735e-06
22789,0.9999703
22790,0.9999997
22791,7.963529e-07
22792,0.9999999
22793,0.99999106
22794,9.541482e-09
22795,0.99997646
22796,0.99999964
22797,1.5669653e-07
22798,1.3340745e-07
22799,0.99999964
22800,0.00017148256
22801,0.9999906
22802,0.9999897
22803,0.999313
22804,0.00050091743
22805,0.9999994
22806,0.9999957
22807,4.4427483e-07
22808,1.0
22809,0.99999034
22810,1.4502091e-06
22811,0.9999898
22812,5.4344997e-07
22813,0.99999475
22814,1.0899401e-07
22815,2.2405782e-06
22816,2.5403791e-05
22817,2.0180765e-07
22818,0.9999985
22819,0.08315572
22820,0.99996656
22821,1.0
22822,0.0029456317
22823,2.1749602e-05
22824,9.362614e-08
22825,1.8881825e-05
22826,7.649695e-08
22827,0.99998915
22828,2.633513e-08
22829,0.99999285
22830,1.6704154e-05
22831,0.9999945
22832,2.615638e-07
22833,8.414007e-08
22834,1.7525588e-08
22835,0.99999166
22836,0.99812746
22837,0.99988633
22838,0.9999992
22839,0.99999833
22840,0.99999285
22841,0.999997
22842,0.9999993
22843,0.9999997
22844,0.99999875
22845,4.0524196e-07
22846,0.99996597
22847,1.0
22848,0.00070777535
22849,0.9999988
22850,6.033535e-07
22851,2.021673e-07
22852,0.9999988
22853,4.7476117e-08
22854,1.0
22855,4.189611e-07
22856,3.3951423e-07
22857,1.5750784e-05
22858,7.776473e-07
22859,3.5380317e-08
22860,3.4024854e-08
22861,0.9999993
22862,0.999995
22863,0.99999386
22864,2.8304268e-07
22865,1.0207642e-06
22866,0.99999833
22867,2.8086185e-06
22868,0.9999979
22869,0.72749037
22870,0.9999783
22871,0.999874
22872,3.211499e-07
22873,3.000227e-06
22874,6.372048e-06
22875,0.99954855
22876,0.9999906
22877,8.391518e-05
22878,2.7769417e-07
22879,0.99997187
22880,0.99999475
22881,1.1453564e-05
22882,0.9999982
22883,2.7797927e-07
22884,0.99972117
22885,4.9092886e-08
22886,1.44722e-07
22887,2.643431e-05
22888,1.1120284e-06
22889,2.3482666e-08
22890,0.9999912
22891,1.0
22892,0.9999987
22893,7.933822e-05
22894,0.99999976
22895,0.99999964
22896,1.2956124e-06
22897,0.9999703
22898,2.4905535e-06
22899,3.318696e-07
22900,0.99993944
22901,1.1169733e-07
22902,0.99999917
22903,0.9999653
22904,4.6868377e-07
22905,6.270621e-06
22906,1.714938e-08
22907,0.99999875
22908,0.9999992
22909,4.789948e-06
22910,0.99995965
22911,1.6473269e-06
22912,0.99990845
22913,0.9999993
22914,1.0
22915,7.9139164e-07
22916,2.451278e-07
22917,0.9999998
22918,3.182225e-07
22919,0.9999732
22920,0.9999998
22921,0.9999956
22922,0.00014311075
22923,0.99986875
22924,0.9977184
22925,0.99998534
22926,1.0
22927,0.99999845
22928,0.9999689
22929,0.00069501996
22930,0.9999988
22931,1.5567726e-05
22932,0.9998501
22933,2.2961829e-06
22934,0.99999
22935,0.9999951
22936,0.9999973
22937,0.99999946
22938,0.9999994
22939,9.672832e-08
22940,0.0007713139
22941,6.679043e-05
22942,0.99999964
22943,0.99999917
22944,1.0486852e-05
22945,0.99999964
22946,1.2885149e-06
22947,9.773875e-07
22948,0.9999944
22949,0.9999964
22950,0.99999875
22951,1.0
22952,6.673557e-08
22953,1.9514908e-07
22954,0.99679816
22955,5.7101996e-08
22956,0.99999106
22957,0.0011357367
22958,1.530941e-07
22959,0.9999962
22960,0.99999964
22961,0.9999989
22962,7.8288065e-07
22963,0.027957022
22964,0.9999954
22965,0.99999136
22966,0.99998426
22967,2.0022335e-06
22968,1.4200007e-06
22969,1.5679476e-05
22970,0.9999603
22971,0.0002657771
22972,0.99982446
22973,0.9999989
22974,0.9997294
22975,7.0527466e-07
22976,1.92769e-06
22977,2.1264073e-07
22978,0.9999998
22979,2.4689879e-08
22980,1.0
22981,4.2528734e-07
22982,0.99999714
22983,0.99999154
22984,6.2164546e-08
22985,1.5284146e-05
22986,0.99998355
22987,0.70517206
22988,0.9999993
22989,0.9999994
22990,0.99994373
22991,0.9885212
22992,6.2402825e-07
22993,8.956591e-09
22994,0.9999913
22995,0.9999754
22996,0.9999703
22997,0.99999684
22998,0.99999636
22999,1.0
23000,6.3440075e-07
23001,1.7021393e-06
23002,7.713664e-08
23003,0.9999906
23004,0.99999
23005,0.9999981
23006,0.9999957
23007,0.99996257
23008,2.2034305e-07
23009,3.2617558e-05
23010,3.0463143e-06
23011,0.99999833
23012,0.99999946
23013,1.650398e-06
23014,0.9999879
23015,0.9999924
23016,0.9999986
23017,3.0300063e-07
23018,3.478333e-08
23019,1.0344398e-06
23020,6.2267546e-08
23021,1.0
23022,0.99999547
23023,8.416439e-06
23024,0.9999995
23025,2.3029867e-07
23026,0.9999949
23027,0.9999912
23028,4.3327045e-08
23029,4.198835e-07
23030,2.601169e-08
23031,2.07547e-07
23032,0.99999917
23033,0.7297388
23034,0.9999773
23035,0.9999997
23036,0.9999975
23037,0.9999931
23038,0.9995218
23039,2.8767246e-07
23040,1.0
23041,0.9999826
23042,1.0
23043,9.506161e-05
23044,0.99913156
23045,2.3609078e-07
23046,0.9999929
23047,6.4292035e-05
23048,0.99999595
23049,1.4121119e-07
23050,2.5299343e-07
23051,0.9999989
23052,3.4188038e-06
23053,3.9580943e-08
23054,3.9252498e-07
23055,0.99999017
23056,0.9999725
23057,0.9999975
23058,0.9999995
23059,2.4609145e-07
23060,4.483665e-07
23061,2.0289818e-07
23062,1.6561631e-07
23063,1.1144495e-07
23064,0.9999989
23065,0.99999607
23066,0.9930155
23067,3.332063e-07
23068,1.7479836e-06
23069,4.2234515e-06
23070,0.9999772
23071,2.7490098e-06
23072,0.999995
23073,0.99980664
23074,2.9538903e-06
23075,6.8146896e-08
23076,2.4282784e-07
23077,7.11308e-07
23078,2.9344199e-07
23079,9.665931e-07
23080,3.500184e-07
23081,0.9999989
23082,1.6744777e-07
23083,9.1401716e-07
23084,1.9919412e-06
23085,3.472162e-08
23086,0.999941
23087,1.5743394e-07
23088,1.8129618e-06
23089,0.99991006
23090,2.132745e-06
23091,0.9999996
23092,2.3817267e-07
23093,5.754711e-08
23094,1.0344176e-07
23095,1.1159832e-05
23096,0.9999988
23097,1.4725177e-07
23098,0.999999
23099,6.6944176e-07
23100,5.4331344e-06
23101,0.9999955
23102,3.8598162e-07
23103,1.4826225e-07
23104,7.425647e-06
23105,4.062953e-07
23106,2.5366387e-07
23107,0.992178
23108,0.9999995
23109,0.995719
23110,3.468806e-06
23111,8.0006924e-07
23112,6.3899024e-06
23113,0.99998486
23114,0.99999726
23115,0.9997684
23116,6.916222e-07
23117,1.351034e-07
23118,0.99999976
23119,0.9999801
23120,6.260755e-08
23121,0.9999958
23122,0.9985709
23123,0.9999101
23124,5.3183307e-08
23125,1.1640444e-07
23126,2.6417174e-05
23127,8.518431e-07
23128,0.9999963
23129,0.99545896
23130,0.9999997
23131,0.9999865
23132,9.691688e-06
23133,2.2075719e-07
23134,0.99992764
23135,0.9999831
23136,1.3443635e-07
23137,0.9999993
23138,0.9999787
23139,5.5312657e-06
23140,0.9999815
23141,1.0717249e-07
23142,0.00064986944
23143,0.9999994
23144,3.5458177e-06
23145,9.0473503e-07
23146,3.216489e-07
23147,2.6246348e-06
23148,0.9999752
23149,7.332668e-07
23150,0.9999863
23151,0.9999938
23152,0.99999774
23153,0.999997
23154,0.9999989
23155,4.8044185e-06
23156,0.99997914
23157,0.9999988
23158,1.1529856e-06
23159,0.023763865
23160,6.47426e-07
23161,4.4928808e-07
23162,7.224967e-08
23163,0.999984
23164,6.401223e-08
23165,1.0
23166,0.0002116561
23167,0.99994874
23168,0.99999666
23169,1.1637165e-06
23170,0.99998724
23171,1.04952e-06
23172,5.9293953e-08
23173,5.036906e-07
23174,0.99999964
23175,4.819487e-07
23176,0.9999949
23177,0.9999993
23178,9.9943776e-08
23179,0.99999976
23180,1.8412186e-08
23181,5.1801116e-08
23182,1.7922788e-05
23183,0.9998265
23184,1.2028408e-05
23185,3.1351085e-08
23186,1.0
23187,0.9999993
23188,0.99999845
23189,0.99999857
23190,0.9999838
23191,2.5756293e-07
23192,5.1431243e-08
23193,3.2583964e-06
23194,0.9998192
23195,9.684053e-05
23196,5.7141328e-08
23197,2.2550832e-07
23198,1.11577236e-07
23199,0.99999
23200,3.2251403e-08
23201,0.0045514405
23202,1.603874e-07
23203,0.99999964
23204,0.9999813
23205,2.875267e-06
23206,0.9999852
23207,1.7620813e-06
23208,1.277018e-06
23209,0.9963055
23210,0.0013232231
23211,4.801334e-07
23212,1.1814761e-05
23213,0.9999963
23214,5.876717e-07
23215,7.5324195e-08
23216,0.9999997
23217,0.99995536
23218,8.513177e-07
23219,8.48603e-07
23220,1.0023639e-06
23221,0.99999845
23222,4.5956162e-07
23223,0.99991834
23224,1.1552552e-06
23225,0.9999503
23226,1.3377343e-06
23227,1.006576e-06
23228,0.9995165
23229,0.99999714
23230,0.9999492
23231,0.00054967403
23232,0.9999977
23233,0.0026486516
23234,1.5567326e-05
23235,0.9982575
23236,2.5029674e-05
23237,3.7862585e-05
23238,0.9999995
23239,1.3689223e-06
23240,0.99999833
23241,0.9999176
23242,6.1649553e-06
23243,0.9999965
23244,1.1121308e-05
23245,0.99924284
23246,0.9999995
23247,0.9999976
23248,1.0
23249,0.9999963
23250,3.7159957e-06
23251,3.5724235e-05
23252,1.0750703e-07
23253,2.634788e-07
23254,0.99999964
23255,0.9999502
23256,0.0005221367
23257,1.3326001e-08
23258,8.7674294e-07
23259,2.9877494e-08
23260,1.624818e-05
23261,2.416961e-06
23262,0.9999993
23263,7.2225007e-06
23264,0.99999493
23265,1.0
23266,5.087255e-06
23267,0.7087388
23268,0.9999992
23269,0.9999925
23270,2.1686521e-06
23271,4.199928e-07
23272,1.1693419e-05
23273,0.99999714
23274,0.9993241
23275,2.1208998e-06
23276,4.4873673e-08
23277,0.94041896
23278,0.9999993
23279,1.1057383e-06
23280,0.9999995
23281,6.476505e-08
23282,6.0364905e-06
23283,0.99994385
23284,0.0009415746
23285,6.2956738e-06
23286,0.9999996
23287,4.042363e-08
23288,8.261542e-06
23289,0.9999876
23290,0.9999997
23291,0.00011958711
23292,1.3966142e-08
23293,0.9999988
23294,2.4412978e-07
23295,0.9999994
23296,1.4282398e-07
23297,7.507373e-07
23298,7.8393407e-07
23299,0.99999547
23300,1.2554656e-06
23301,0.99999946
23302,0.99992967
23303,1.12571776e-07
23304,0.99996376
23305,0.9999974
23306,1.0
23307,0.99995565
23308,5.7026983e-07
23309,2.6409577e-06
23310,2.644621e-07
23311,4.930758e-07
23312,0.99999166
23313,0.9999945
23314,7.1405148e-06
23315,1.9148705e-05
23316,1.0
23317,5.414898e-07
23318,0.9996314
23319,1.2564951e-05
23320,0.9999985
23321,5.8888993e-08
23322,2.4397921e-05
23323,0.52202004
23324,0.9999982
23325,0.99999523
23326,0.9996202
23327,0.9999613
23328,0.9999981
23329,0.9999945
23330,1.7024039e-08
23331,0.99999857
23332,1.0
23333,2.750595e-07
23334,0.001978308
23335,0.99993265
23336,1.2685672e-08
23337,1.8426108e-05
23338,0.99999857
23339,3.0845197e-08
23340,1.8295638e-07
23341,4.388546e-06
23342,1.2171256e-06
23343,0.9999914
23344,0.9999996
23345,0.9999991
23346,3.3372498e-07
23347,0.9999993
23348,3.1667005e-07
23349,5.319092e-06
23350,1.0756466e-07
23351,0.9999988
23352,1.8761534e-06
23353,0.9999998
23354,0.94472736
23355,2.2091756e-08
23356,0.9999975
23357,0.99999964
23358,1.1066671e-07
23359,0.007885933
23360,4.991642e-08
23361,0.99999964
23362,0.99978054
23363,8.988453e-06
23364,3.7567108e-07
23365,4.184175e-06
23366,0.9988667
23367,0.9999784
23368,0.9999703
23369,0.9999743
23370,4.337896e-05
23371,4.7670645e-05
23372,0.99999934
23373,0.9999166
23374,0.9999995
23375,0.9999732
23376,0.9999996
23377,0.0007929802
23378,4.539183e-07
23379,0.9999703
23380,0.99911976
23381,0.99999404
23382,2.431437e-05
23383,1.0
23384,1.0016973e-07
23385,0.99998313
23386,0.99999964
23387,3.5826793e-07
23388,0.9999608
23389,2.467423e-06
23390,0.99998546
23391,0.9999969
23392,0.008196235
23393,0.9999654
23394,0.9999969
23395,8.7527087e-07
23396,5.543844e-08
23397,0.9999914
23398,0.99999845
23399,0.99999976
23400,0.99999714
23401,4.2298421e-07
23402,0.9999974
23403,0.99999857
23404,0.03980583
23405,9.7966495e-06
23406,8.6140325e-08
23407,0.99999845
23408,0.99999976
23409,0.9999906
23410,0.99992704
23411,0.9999994
23412,9.138786e-07
23413,1.0583333e-05
23414,1.7118678e-06
23415,0.9999999
23416,1.2883606e-07
23417,9.653112e-08
23418,0.9999997
23419,1.4038969e-07
23420,7.16337e-08
23421,5.6564332e-08
23422,0.999995
23423,0.9999966
23424,0.99961144
23425,0.9999968
23426,0.99998987
23427,7.714017e-08
23428,0.99999976
23429,0.9999973
23430,1.4245818e-07
23431,1.0
23432,1.0
23433,1.0
23434,0.9999452
23435,1.2158107e-07
23436,1.0
23437,0.9999991
23438,2.247696e-08
23439,5.168213e-07
23440,0.9999995
23441,3.0283047e-07
23442,0.99999917
23443,0.9999865
23444,9.3493436e-05
23445,0.9999997
23446,0.99998146
23447,0.99519384
23448,4.8719858e-06
23449,6.866661e-07
23450,1.0
23451,1.1703793e-07
23452,0.99999964
23453,0.9999923
23454,0.99999785
23455,1.8068775e-08
23456,0.9999959
23457,0.99999434
23458,1.215595e-07
23459,0.9999981
23460,1.0
23461,2.8814622e-08
23462,3.6137497e-08
23463,0.99999726
23464,2.4635312e-08
23465,0.99999607
23466,2.5041218e-06
23467,0.99993324
23468,0.99999857
23469,9.540831e-08
23470,4.4910945e-07
23471,0.99999666
23472,1.0
23473,1.0
23474,6.3072144e-07
23475,3.0532613e-07
23476,0.99999845
23477,0.9991695
23478,0.99952185
23479,5.2008225e-08
23480,1.0
23481,0.9988715
23482,0.9989835
23483,1.5425667e-06
23484,8.849851e-08
23485,0.99999666
23486,3.9445868e-07
23487,0.9990535
23488,0.9998206
23489,0.9999579
23490,4.0365308e-06
23491,3.0682853e-07
23492,9.63764e-08
23493,1.9389893e-07
23494,0.99999964
23495,1.0
23496,0.9999208
23497,3.1470307e-08
23498,1.29123655e-05
23499,0.0003709793
23500,0.99999905
23501,1.3589768e-06
23502,3.4112382e-08
23503,0.00028395653
23504,0.99998957
23505,0.9999901
23506,0.99999547
23507,0.9999969
23508,5.491132e-06
23509,0.9999932
23510,2.854267e-07
23511,0.9999654
23512,1.3390955e-07
23513,0.99972117
23514,2.9447197e-05
23515,1.6764335e-07
23516,7.812815e-07
23517,0.9999996
23518,3.1478547e-07
23519,1.0874939e-07
23520,0.999997
23521,1.0
23522,0.9999979
23523,0.9999969
23524,0.99999905
23525,8.188553e-08
23526,4.3903026e-05
23527,1.0089427e-05
23528,0.999993
23529,0.99999714
23530,3.917477e-08
23531,0.94861376
23532,5.6652443e-06
23533,1.249781e-07
23534,0.9991907
23535,2.8069704e-07
23536,0.9999915
23537,0.99998254
23538,2.1046194e-08
23539,8.673169e-08
23540,2.6532646e-06
23541,1.4335591e-05
23542,6.8313767e-07
23543,3.393567e-06
23544,9.495333e-07
23545,0.9999893
23546,8.927534e-06
23547,7.916747e-07
23548,0.9999922
23549,0.99999976
23550,0.9600337
23551,0.99998987
23552,0.9999998
23553,0.9999703
23554,6.383416e-06
23555,0.9999949
23556,1.4800231e-07
23557,0.99999464
23558,0.99999964
23559,0.9999597
23560,5.1678548e-08
23561,2.772405e-06
23562,3.278387e-07
23563,3.4615423e-06
23564,2.0185e-07
23565,0.99988604
23566,0.00028079748
23567,8.5416724e-07
23568,0.99998987
23569,0.9999993
23570,3.6660737e-07
23571,2.1714957e-06
23572,0.9999428
23573,8.2101664e-08
23574,0.9999987
23575,0.93995684
23576,0.9999641
23577,2.615467e-08
23578,4.8850245e-07
23579,0.085677564
23580,9.566251e-08
23581,6.589597e-08
23582,0.9999881
23583,8.5715794e-07
23584,0.9999979
23585,0.023220658
23586,0.9999988
23587,6.3235484e-07
23588,0.99997973
23589,0.9999992
23590,7.1403684e-07
23591,1.5343292e-05
23592,5.542547e-07
23593,0.99999416
23594,0.9999912
23595,0.99991775
23596,0.99997884
23597,2.8878407e-07
23598,3.0427982e-06
23599,0.99999875
23600,1.2757185e-07
23601,0.9999826
23602,2.517902e-05
23603,4.155539e-06
23604,0.99999946
23605,6.698505e-07
23606,1.588829e-08
23607,7.297828e-07
23608,2.0473667e-06
23609,0.0028454363
23610,0.32774282
23611,5.9313635e-08
23612,1.0049621e-07
23613,1.7813286e-07
23614,0.9999606
23615,0.9999947
23616,2.46731e-06
23617,0.9999982
23618,3.137477e-08
23619,0.9999995
23620,0.99999756
23621,0.9999888
23622,0.9985473
23623,0.00031489134
23624,5.0752565e-06
23625,3.1481716e-06
23626,1.3060037e-07
23627,1.0
23628,3.313285e-07
23629,6.456814e-06
23630,5.471166e-07
23631,0.12275866
23632,8.0332853e-07
23633,1.8670121e-07
23634,5.4810886e-07
23635,0.9999861
23636,1.1801113e-05
23637,6.939677e-07
23638,0.9999989
23639,7.317614e-05
23640,0.99983335
23641,1.4108998e-06
23642,1.5523924e-06
23643,5.976758e-07
23644,7.7003605e-08
23645,0.9999918
23646,0.9998863
23647,6.2872704e-07
23648,0.99999714
23649,0.99999356
23650,8.426884e-09
23651,6.0820166e-05
23652,1.3158666e-07
23653,0.0936999
23654,0.9999987
23655,2.4332e-07
23656,3.5500017e-07
23657,0.9999969
23658,9.3007066e-07
23659,4.1322835e-07
23660,0.999998
23661,0.9999703
23662,1.0
23663,4.5985338e-08
23664,7.8167056e-07
23665,6.5709554e-07
23666,1.1130321e-06
23667,0.9863455
23668,5.9161957e-06
23669,9.0796345e-07
23670,0.9999658
23671,0.9999814
23672,1.6726384e-06
23673,1.4778362e-08
23674,3.071286e-07
23675,0.99999857
23676,0.9999703
23677,0.9999937
23678,0.9999857
23679,0.99999845
23680,0.99999785
23681,8.607447e-06
23682,2.578929e-06
23683,1.814973e-07
23684,0.9999974
23685,9.580727e-07
23686,0.9999703
23687,3.9302878e-07
23688,0.9999909
23689,0.9999997
23690,7.7677413e-07
23691,1.287585e-06
23692,0.99999946
23693,3.4198116e-08
23694,9.2019505e-08
23695,3.923966e-07
23696,2.6907085e-07
23697,5.9975564e-06
23698,6.547988e-08
23699,1.2561273e-07
23700,0.9999951
23701,1.0260536e-05
23702,0.9999988
23703,1.3401265e-07
23704,0.9999836
23705,0.9999991
23706,0.9999916
23707,1.2302602e-06
23708,8.0301453e-07
23709,0.7087388
23710,0.9440497
23711,0.9999908
23712,3.1495543e-05
23713,0.9999838
23714,0.99999976
23715,5.009256e-07
23716,0.99997914
23717,1.2960276e-06
23718,0.9999993
23719,0.9999997
23720,0.0033341944
23721,0.9999984
23722,0.9999819
23723,4.4322869e-07
23724,0.9999492
23725,7.575196e-08
23726,3.5803878e-05
23727,0.9999984
23728,0.99999976
23729,0.9999995
23730,7.120135e-08
23731,5.3525015e-05
23732,1.0862128e-07
23733,0.9999975
23734,1.0988995e-05
23735,0.9999982
23736,0.9999639
23737,0.999997
23738,1.5323412e-06
23739,1.863179e-07
23740,8.936324e-06
23741,1.0
23742,0.9999789
23743,0.99999726
23744,1.1881857e-05
23745,0.99995196
23746,2.8761226e-06
23747,0.9999974
23748,0.9999992
23749,6.604482e-08
23750,0.99999976
23751,0.9999957
23752,3.1778566e-06
23753,2.0166954e-05
23754,0.9999994
23755,8.614509e-08
23756,1.2795456e-07
23757,1.0
23758,0.99999756
23759,4.1589402e-08
23760,3.6756518e-07
23761,1.0
23762,0.0005905628
23763,2.3380913e-07
23764,0.8389204
23765,0.99996865
23766,0.9999994
23767,3.5759513e-07
23768,1.8538022e-06
23769,0.99999523
23770,0.0011454225
23771,5.3591975e-07
23772,6.490105e-05
23773,3.881242e-08
23774,0.9999994
23775,3.865725e-07
23776,7.508021e-08
23777,2.8026102e-07
23778,0.99999905
23779,0.85358965
23780,2.408745e-07
23781,8.3033015e-08
23782,0.9999757
23783,0.9999262
23784,1.0
23785,2.6329705e-08
23786,1.8432382e-07
23787,0.9999986
23788,1.9408115e-07
23789,0.99999166
23790,3.0594943e-08
23791,0.9798378
23792,1.2233136e-07
23793,0.00011409547
23794,1.2959918e-06
23795,0.99999595
23796,2.14851e-07
23797,5.0836246e-07
23798,0.99998784
23799,3.954844e-07
23800,1.6378777e-06
23801,0.00041678548
23802,0.9999993
23803,1.9775416e-07
23804,1.812719e-07
23805,6.736382e-06
23806,0.99999666
23807,6.5951795e-08
23808,1.2721794e-07
23809,2.1677246e-07
23810,2.619159e-06
23811,6.747566e-07
23812,2.376405e-08
23813,0.9999981
23814,0.0001372993
23815,0.9999877
23816,0.9999993
23817,0.9999585
23818,0.9997403
23819,0.9999977
23820,0.99999917
23821,0.99999917
23822,0.99999964
23823,0.99999845
23824,1.3388982e-06
23825,0.9999989
23826,0.99999756
23827,0.10018885
23828,0.9999411
23829,0.9999955
23830,0.99999654
23831,0.9999902
23832,2.0959308e-06
23833,4.374137e-07
23834,0.99998605
23835,0.99999905
23836,0.9999927
23837,0.9999937
23838,6.4724176e-08
23839,2.9362546e-08
23840,0.99999857
23841,0.99999446
23842,1.0
23843,0.9999965
23844,0.99998754
23845,0.9581775
23846,1.327229e-06
23847,0.99999046
23848,2.7043018e-07
23849,0.9999994
23850,4.5364135e-07
23851,0.99915445
23852,5.0701136e-08
23853,2.9780945e-06
23854,3.663384e-08
23855,0.99999964
23856,1.7447452e-05
23857,0.47321302
23858,8.156672e-05
23859,0.99999964
23860,3.6878637e-07
23861,4.050619e-07
23862,0.99999964
23863,0.99999976
23864,8.0347526e-08
23865,3.4829338e-06
23866,0.9999252
23867,2.2966033e-06
23868,0.99990463
23869,1.3093352e-08
23870,0.99999964
23871,4.949098e-07
23872,0.99999917
23873,0.99999493
23874,1.5518773e-06
23875,2.423166e-07
23876,8.1894434e-08
23877,0.99999857
23878,0.9998899
23879,9.1684575e-07
23880,2.1239308e-07
23881,0.99977493
23882,0.9999993
23883,2.3710095e-07
23884,3.472023e-08
23885,0.99999714
23886,5.284528e-06
23887,0.0013087988
23888,0.0002732277
23889,0.9999938
23890,0.9999992
23891,4.4371948e-08
23892,0.64754546
23893,0.9999526
23894,0.9999957
23895,9.137117e-08
23896,0.9999758
23897,0.9999999
23898,0.9999958
23899,9.3699036e-08
23900,0.0010708272
23901,3.161776e-07
23902,0.00026372075
23903,0.99962294
23904,1.3676149e-06
23905,3.351489e-06
23906,0.9998504
23907,0.9999994
23908,0.99999267
23909,0.99999964
23910,4.0079225e-08
23911,5.1881483e-07
23912,0.999999
23913,0.9999995
23914,0.9996716
23915,0.99999887
23916,3.5390542e-06
23917,9.821841e-08
23918,1.2511579e-06
23919,0.99999976
23920,2.4555763e-07
23921,0.99813163
23922,1.3145558e-07
23923,1.0
23924,4.9336126e-07
23925,0.99999547
23926,0.9999994
23927,0.9999989
23928,0.99999166
23929,0.9999913
23930,0.99999845
23931,9.860406e-06
23932,4.4365117e-07
23933,0.99999166
23934,1.9804538e-07
23935,1.2092743e-06
23936,0.9999935
23937,0.9999996
23938,3.1569114e-06
23939,1.0
23940,3.2272849e-06
23941,1.6073774e-07
23942,4.2410974e-08
23943,2.5270288e-07
23944,4.8347722e-08
23945,0.99999946
23946,0.9999994
23947,0.9999856
23948,0.99999833
23949,1.916701e-07
23950,1.9112615e-07
23951,4.4426597e-05
23952,0.999999
23953,0.67951095
23954,0.99996996
23955,1.6348729e-07
23956,1.1504259e-07
23957,4.7070603e-06
23958,0.9999969
23959,0.99999964
23960,2.9392177e-05
23961,0.99999964
23962,0.99999845
23963,0.99995035
23964,6.312068e-06
23965,1.4219249e-06
23966,5.1173043e-07
23967,0.9999926
23968,0.9998763
23969,9.837027e-08
23970,0.9999994
23971,0.9998929
23972,0.9999986
23973,1.2608704e-07
23974,0.9998748
23975,3.400737e-06
23976,4.6669405e-07
23977,0.9999307
23978,0.9576422
23979,0.000459373
23980,6.8152195e-07
23981,6.1794736e-07
23982,0.99979615
23983,1.0170706e-06
23984,0.005757332
23985,1.0
23986,0.9999993
23987,0.999943
23988,1.0
23989,4.352327e-06
23990,1.224001e-05
23991,1.3358622e-05
23992,4.310663e-08
23993,0.99999475
23994,4.700345e-06
23995,0.9999852
23996,0.99999964
23997,5.708349e-06
23998,3.165488e-08
23999,5.4413346e-07
24000,0.10033405
24001,9.620027e-08
24002,1.7658446e-06
24003,6.52037e-08
24004,0.9999844
24005,1.3103015e-07
24006,7.143549e-07
24007,0.9999996
24008,0.9999996
24009,0.99999225
24010,0.99999946
24011,0.99999976
24012,1.3579823e-07
24013,0.9999836
24014,5.652651e-07
24015,0.9998244
24016,1.4433951e-07
24017,0.99999976
24018,1.5957124e-06
24019,1.2319902e-05
24020,3.477829e-08
24021,0.9999994
24022,0.9999577
24023,0.9999998
24024,1.5532461e-07
24025,0.99992335
24026,1.8118124e-08
24027,0.99998415
24028,0.9999989
24029,8.273135e-07
24030,1.1310915e-06
24031,0.99999976
24032,0.9998968
24033,0.9999838
24034,2.2935587e-06
24035,4.954968e-07
24036,0.999996
24037,4.958171e-06
24038,1.5700812e-07
24039,0.0013410449
24040,2.7629278e-07
24041,0.9999957
24042,0.99998873
24043,0.9999975
24044,1.3428406e-06
24045,4.8027783e-08
24046,2.1331803e-06
24047,1.655522e-07
24048,0.9999658
24049,0.9999976
24050,0.9999988
24051,0.9999999
24052,0.99992
24053,1.4057839e-06
24054,4.931437e-06
24055,0.99999946
24056,8.027156e-06
24057,5.6942093e-07
24058,5.5876853e-07
24059,8.3631434e-08
24060,0.99995935
24061,0.9999926
24062,1.0
24063,2.9896335e-06
24064,0.99998057
24065,5.830236e-08
24066,2.2111299e-06
24067,5.664418e-06
24068,4.308302e-07
24069,0.9999989
24070,0.99999887
24071,1.0301864e-05
24072,5.114638e-06
24073,0.9999836
24074,1.2789704e-06
24075,1.4274036e-07
24076,1.049427e-06
24077,0.99997604
24078,5.1206797e-08
24079,0.9999855
24080,0.9999999
24081,9.09275e-08
24082,0.9993713
24083,0.9999993
24084,3.8754315e-06
24085,0.9999851
24086,2.3930403e-05
24087,2.4455227e-05
24088,8.8478464e-07
24089,1.92555e-07
24090,0.9995992
24091,0.9999919
24092,6.6989713e-07
24093,4.8062266e-05
24094,0.9999832
24095,3.1966686e-06
24096,0.9999962
24097,2.1836868e-07
24098,0.99998915
24099,2.0588445e-06
24100,3.4553747e-08
24101,0.99996495
24102,0.99990475
24103,3.3811156e-07
24104,4.401514e-08
24105,2.8814884e-07
24106,0.9999703
24107,4.0774535e-06
24108,7.437454e-08
24109,0.99997926
24110,0.00019198656
24111,0.9999981
24112,0.94557214
24113,2.3138632e-06
24114,0.99997234
24115,0.9999817
24116,5.970728e-06
24117,5.3212325e-08
24118,1.12862445e-07
24119,0.99993086
24120,6.774696e-06
24121,4.32737e-06
24122,0.99999815
24123,0.99999964
24124,0.99999446
24125,0.017584682
24126,0.9999982
24127,4.6212298e-07
24128,0.9940678
24129,0.99997896
24130,0.9684408
24131,0.36086756
24132,0.0023476481
24133,3.8442714e-08
24134,3.7219045e-06
24135,0.9999988
24136,1.743817e-07
24137,0.99999875
24138,0.9999994
24139,1.8280892e-06
24140,0.9992821
24141,1.524734e-07
24142,2.0956837e-07
24143,0.9999977
24144,8.7921967e-07
24145,2.9728958e-06
24146,0.9749925
24147,1.3767345e-06
24148,4.2630354e-08
24149,0.9999998
24150,0.9999994
24151,0.9999922
24152,5.8757132e-09
24153,5.2926055e-07
24154,0.99999857
24155,5.6821665e-07
24156,7.3416835e-08
24157,0.9999703
24158,0.9999917
24159,0.9999981
24160,0.9999991
24161,0.99999905
24162,3.220327e-08
24163,2.6362066e-08
24164,0.9999666
24165,1.6315358e-06
24166,4.4935922e-07
24167,0.999998
24168,0.99926025
24169,1.842929e-05
24170,0.9999703
24171,0.9999968
24172,5.0137273e-06
24173,0.9999994
24174,3.423316e-08
24175,0.99999523
24176,0.99987864
24177,1.0
24178,1.2711929e-06
24179,1.5154382e-06
24180,0.11440322
24181,0.001067549
24182,0.99999964
24183,0.99999493
24184,5.0996e-07
24185,0.99987197
24186,0.9999845
24187,0.9999205
24188,9.139714e-08
24189,0.8576307
24190,0.9999994
24191,0.99999166
24192,1.9887334e-06
24193,2.5713369e-05
24194,6.1970754e-06
24195,1.3225799e-05
24196,0.9999839
24197,3.4367833e-06
24198,1.4704801e-07
24199,2.2511565e-06
24200,0.99999154
24201,0.9999161
24202,2.9868335e-07
24203,9.649025e-08
24204,1.0604357e-05
24205,3.9241176e-08
24206,1.4893808e-07
24207,1.9420875e-05
24208,4.2190877e-06
24209,0.99999785
24210,8.695294e-07
24211,1.0
24212,0.99999964
24213,4.125552e-08
24214,0.9998312
24215,5.77472e-07
24216,0.9983784
24217,7.1001824e-07
24218,0.99649453
24219,6.180039e-07
24220,0.98514557
24221,0.99998176
24222,2.858713e-07
24223,1.2081371e-07
24224,8.1216723e-07
24225,4.1153606e-07
24226,3.6163286e-08
24227,2.203151e-07
24228,3.7695048e-07
24229,0.99999285
24230,0.9999674
24231,0.9999989
24232,0.9999996
24233,3.1379517e-07
24234,0.47969523
24235,9.689414e-08
24236,1.0
24237,3.486779e-06
24238,2.4998255e-07
24239,2.4720453e-07
24240,0.9999994
24241,2.004071e-08
24242,0.9998958
24243,1.0
24244,0.9999988
24245,5.7105698e-08
24246,2.1376981e-07
24247,5.918512e-07
24248,0.9999988
24249,1.0
24250,8.26612e-08
24251,0.9999987
24252,1.14329474e-07
24253,0.99999726
24254,8.523892e-07
24255,1.3042313e-07
24256,3.8046984e-08
24257,0.99999
24258,0.00024080276
24259,0.9998683
24260,0.9999988
24261,0.99999976
24262,0.99999875
24263,0.999999
24264,0.9999969
24265,7.139837e-07
24266,1.03683334e-07
24267,0.99999726
24268,1.8384183e-06
24269,2.783711e-07
24270,0.9999968
24271,1.0
24272,0.9999997
24273,0.9999974
24274,1.5240856e-07
24275,0.9999968
24276,1.2380771e-07
24277,0.9999996
24278,0.9999243
24279,0.00011463579
24280,3.7507093e-08
24281,0.9999994
24282,7.480601e-09
24283,0.999874
24284,2.8782697e-05
24285,9.250114e-08
24286,0.99999964
24287,6.9700013e-07
24288,6.585931e-07
24289,0.99999917
24290,0.99999964
24291,1.7992352e-07
24292,0.0047249496
24293,0.9999999
24294,1.4886276e-06
24295,0.99999857
24296,0.999995
24297,1.462419e-07
24298,1.1821016e-05
24299,1.9190917e-05
24300,8.51243e-07
24301,0.9727057
24302,2.6544564e-08
24303,1.393739e-06
24304,3.1716104e-06
24305,3.004747e-05
24306,1.0418424e-06
24307,0.9999912
24308,0.9999906
24309,8.127635e-08
24310,8.4330786e-08
24311,3.279316e-05
24312,0.9999844
24313,0.9999985
24314,0.56705356
24315,0.9999972
24316,4.943824e-07
24317,6.0605413e-07
24318,0.9999997
24319,0.9999957
24320,1.0
24321,0.9999813
24322,0.9999993
24323,3.7518845e-07
24324,6.4689e-08
24325,0.99974704
24326,0.9999958
24327,1.4817503e-07
24328,2.0987157e-07
24329,0.9999999
24330,0.9993069
24331,0.9967493
24332,0.99999917
24333,0.9999994
24334,0.0005606115
24335,4.9326252e-05
24336,1.9318048e-08
24337,0.0018354654
24338,0.99998796
24339,0.9999654
24340,4.8297056e-07
24341,0.9999974
24342,4.647048e-07
24343,1.0454294e-06
24344,0.99999976
24345,0.9999974
24346,0.009142488
24347,1.2451794e-07
24348,1.0637397e-07
24349,4.4214726e-08
24350,0.9999993
24351,9.955698e-08
24352,0.9999948
24353,3.20935e-07
24354,2.036625e-06
24355,0.9999997
24356,0.999978
24357,3.379299e-06
24358,1.59317e-06
24359,0.99944645
24360,3.3812415e-07
24361,0.9999916
24362,0.0063937604
24363,0.9999771
24364,0.9999823
24365,0.9999996
24366,1.0
24367,3.0157506e-07
24368,0.9999995
24369,0.9999995
24370,0.9999958
24371,1.1947071e-06
24372,0.9999995
24373,0.9999205
24374,3.5117327e-07
24375,1.371263e-07
24376,0.99999917
24377,2.951473e-07
24378,0.99999124
24379,2.9671885e-06
24380,0.09698978
24381,1.0
24382,9.342421e-08
24383,9.2284597e-07
24384,0.99998796
24385,1.3756753e-06
24386,1.875962e-08
24387,1.0350037e-07
24388,1.2023688e-06
24389,0.00029489398
24390,1.1230959e-07
24391,0.9999993
24392,1.8818644e-06
24393,2.1586044e-07
24394,1.069623e-08
24395,3.5731882e-06
24396,1.0
24397,0.9995463
24398,4.0422682e-07
24399,8.7654564e-07
24400,1.0638884e-06
24401,3.4734205e-06
24402,9.201305e-07
24403,2.221118e-06
24404,0.99999964
24405,1.4303055e-06
24406,3.0676138e-06
24407,0.99999905
24408,0.9999992
24409,0.99999785
24410,8.765085e-08
24411,1.6216885e-06
24412,4.1595095e-07
24413,0.9999992
24414,0.9999995
24415,0.9999986
24416,8.815832e-07
24417,0.99998045
24418,0.9999703
24419,0.9999702
24420,0.99918747
24421,1.8837397e-07
24422,1.773034e-07
24423,0.99999905
24424,1.6866285e-06
24425,0.99999833
24426,0.9999845
24427,0.99998677
24428,0.99999976
24429,0.9999999
24430,2.4986696e-07
24431,0.9999966
24432,4.657428e-08
24433,3.4888564e-07
24434,0.9999988
24435,1.0
24436,0.9999413
24437,1.3812222e-07
24438,0.9994296
24439,8.749651e-06
24440,1.5556722e-06
24441,1.819111e-07
24442,7.051388e-07
24443,0.9999997
24444,0.9999995
24445,0.99999905
24446,7.249787e-06
24447,4.836866e-08
24448,0.999978
24449,0.99999917
24450,3.9885694e-07
24451,1.0
24452,2.0649206e-06
24453,0.9999926
24454,0.9961615
24455,7.056016e-07
24456,2.975017e-08
24457,0.99999595
24458,1.6472138e-06
24459,1.8702974e-06
24460,0.99996495
24461,0.9999989
24462,0.9999703
24463,0.9999984
24464,2.86822e-08
24465,0.99998116
24466,0.99998903
24467,1.0360303e-06
24468,4.611144e-07
24469,4.2441664e-07
24470,8.850459e-08
24471,0.0021902323
24472,7.247198e-07
24473,3.7337927e-08
24474,0.99991477
24475,4.2249985e-06
24476,8.015554e-07
24477,0.99999774
24478,0.99999845
24479,4.891523e-07
24480,3.394223e-07
24481,0.5700081
24482,0.0012214482
24483,0.99999166
24484,0.9999982
24485,0.99999875
24486,0.9999578
24487,0.99999416
24488,7.4333025e-07
24489,7.0644633e-06
24490,0.9999703
24491,0.99999857
24492,3.1617021e-06
24493,2.5329994e-06
24494,6.953019e-07
24495,0.99999845
24496,0.9999945
24497,4.8327713e-08
24498,1.2645239e-07
24499,8.6051114e-07
24500,0.9999995
24501,0.9999703
24502,7.4512593e-07
24503,0.9999752
24504,0.9999584
24505,0.9999999
24506,0.9999996
24507,9.071867e-06
24508,7.238095e-05
24509,6.304484e-07
24510,0.99571174
24511,0.57662004
24512,0.9999207
24513,6.448844e-08
24514,0.99999714
24515,4.6163605e-06
24516,1.0
24517,0.00027418137
24518,0.9999993
24519,0.99997616
24520,0.99999917
24521,0.999998
24522,1.5358363e-06
24523,0.9999944
24524,0.99995697
24525,0.0004053712
24526,1.6262177e-07
24527,0.9999964
24528,0.0002400577
24529,1.13237846e-07
24530,8.8031794e-07
24531,0.9999984
24532,0.9999997
24533,1.2425329e-07
24534,0.9999989
24535,0.9984486
24536,0.9999975
24537,6.5986745e-07
24538,0.9999997
24539,5.9124163e-06
24540,6.0605067e-05
24541,3.8741766e-07
24542,0.99999726
24543,4.2476407e-07
24544,3.444161e-07
24545,3.602534e-07
24546,0.9999827
24547,5.6188014e-07
24548,5.0290873e-07
24549,0.9999979
24550,1.9581744e-07
24551,0.9999409
24552,0.9999995
24553,7.652501e-07
24554,9.612049e-08
24555,2.3704827e-07
24556,0.9999471
24557,0.9999998
24558,2.3475782e-07
24559,0.99998814
24560,0.9967346
24561,0.15209499
24562,0.9999993
24563,0.99993086
24564,0.9999987
24565,2.628223e-05
24566,0.9999993
24567,0.99998325
24568,1.724993e-06
24569,1.1073555e-07
24570,8.366575e-06
24571,0.9999994
24572,4.42056e-07
24573,0.99999195
24574,2.3345554e-07
24575,1.0
24576,0.2526186
24577,6.056153e-08
24578,0.9999535
24579,0.9999997
24580,9.592653e-08
24581,0.9999994
24582,0.9999994
24583,0.99995804
24584,0.93531525
24585,0.9999889
24586,0.9999987
24587,2.0851476e-07
24588,0.00548473
24589,0.9999995
24590,3.7030955e-07
24591,0.9999997
24592,6.215447e-08
24593,2.5068852e-05
24594,3.949663e-08
24595,0.9999959
24596,0.9999962
24597,3.4974013e-07
24598,0.9999983
24599,4.9670564e-07
24600,4.4295697e-07
24601,7.0554606e-08
24602,0.9999969
24603,8.7237716e-08
24604,5.27211e-06
24605,3.582483e-08
24606,0.99999905
24607,0.9999988
24608,2.6694485e-07
24609,0.99999964
24610,0.99999875
24611,0.99998486
24612,0.99999917
24613,0.9989698
24614,0.99999696
24615,0.9999021
24616,4.8907552e-08
24617,1.0344689e-05
24618,0.00035449862
24619,0.99999976
24620,4.7002327e-06
24621,4.0095397e-06
24622,2.200775e-06
24623,0.99999964
24624,1.0845856e-07
24625,3.2281498e-06
24626,0.99999845
24627,2.3503941e-07
24628,2.417467e-07
24629,0.9999001
24630,0.9999969
24631,1.0647059e-07
24632,0.99978364
24633,0.9999924
24634,1.4500749e-06
24635,0.9999976
24636,0.99999684
24637,1.0
24638,9.0044756e-07
24639,0.9999924
24640,0.9999999
24641,0.9999628
24642,0.9999993
24643,0.9999924
24644,0.99995136
24645,0.9999987
24646,0.99997044
24647,0.9853858
24648,0.9999974
24649,1.1468904e-06
24650,0.005845964
24651,6.5395915e-07
24652,0.9999846
24653,0.99998206
24654,0.9999953
24655,0.9998614
24656,0.99999547
24657,0.009420037
24658,0.99999756
24659,1.4914463e-05
24660,7.712105e-08
24661,1.5523679e-07
24662,1.1083038e-06
24663,0.9999964
24664,5.3026007e-08
24665,0.99999976
24666,0.9999986
24667,4.77146e-08
24668,0.9996344
24669,3.92432e-06
24670,0.9999534
24671,1.4813421e-05
24672,0.9998859
24673,0.9984643
24674,5.3461672e-08
24675,1.9880072e-06
24676,3.873759e-07
24677,2.1111327e-06
24678,1.420644e-06
24679,3.789343e-07
24680,0.99999976
24681,9.214978e-07
24682,0.99999905
24683,5.3504493e-07
24684,0.9989685
24685,2.0809186e-05
24686,0.9997832
24687,6.7410633e-07
24688,0.9999795
24689,1.0339579e-07
24690,3.5563023e-06
24691,0.999998
24692,2.4102295e-07
24693,0.99999416
24694,0.9999804
24695,0.9999666
24696,0.9999994
24697,0.0027403831
24698,8.393806e-07
24699,1.0
24700,0.9999635
24701,8.817703e-08
24702,0.9999598
24703,0.9999788
24704,1.8515999e-07
24705,1.7293745e-06
24706,6.2848517e-06
24707,7.093039e-08
24708,0.999979
24709,3.837138e-07
24710,0.99999964
24711,0.9999975
24712,6.159261e-06
24713,5.3534227e-06
24714,0.99992394
24715,0.99999917
24716,5.0342936e-07
24717,0.99999785
24718,0.9999951
24719,0.9985085
24720,1.9207778e-07
24721,0.30502042
24722,4.1802997e-07
24723,2.59768e-07
24724,9.6770954e-08
24725,9.826222e-07
24726,0.9995713
24727,3.3074383e-07
24728,0.9999889
24729,0.99999535
24730,0.9999924
24731,1.5497358e-06
24732,0.9999988
24733,5.113301e-08
24734,0.999915
24735,0.9999994
24736,0.99999285
24737,0.9999998
24738,0.99999845
24739,1.8890388e-06
24740,8.589874e-06
24741,2.2392558e-06
24742,0.99999523
24743,0.9999962
24744,3.0304586e-06
24745,0.9999998
24746,0.999329
24747,1.8321201e-05
24748,1.0
24749,1.6245631e-06
24750,1.8359793e-06
24751,6.0131885e-07
24752,2.3879085e-07
24753,3.3545638e-07
24754,0.9999996
24755,8.6400104e-07
24756,1.7431892e-06
24757,0.9999968
24758,0.99999785
24759,0.9999957
24760,2.881594e-08
24761,0.9999975
24762,5.0165777e-06
24763,0.9999919
24764,7.0764113e-06
24765,0.14013916
24766,1.8576469e-07
24767,3.4117085e-07
24768,6.7024766e-06
24769,9.883028e-08
24770,1.18971455e-08
24771,2.5252302e-08
24772,8.853599e-08
24773,1.7141075e-06
24774,0.99987084
24775,3.323483e-08
24776,7.433253e-07
24777,0.0001056826
24778,0.7726859
24779,0.9999169
24780,3.6731024e-08
24781,0.9999995
24782,1.2483588e-07
24783,5.1566698e-08
24784,1.1493737e-06
24785,0.9999926
24786,1.5111928e-07
24787,0.9999994
24788,0.02433014
24789,0.9999852
24790,3.930389e-07
24791,2.9446772e-07
24792,0.29190046
24793,2.2740188e-07
24794,0.9999908
24795,0.9999954
24796,1.8749246e-06
24797,1.1611214e-06
24798,4.033444e-08
24799,0.9999973
24800,6.468135e-08
24801,0.99999976
24802,2.0071926e-08
24803,0.99987215
24804,0.99996454
24805,0.9999893
24806,0.99999976
24807,8.58611e-07
24808,0.99999523
24809,6.751609e-07
24810,0.99999964
24811,3.1200578e-08
24812,0.999999
24813,0.99999833
24814,4.013363e-07
24815,0.9999325
24816,3.370029e-07
24817,0.99978244
24818,0.9682123
24819,6.2080983e-07
24820,0.99999905
24821,1.0014968e-05
24822,0.99999833
24823,0.9999965
24824,0.9999826
24825,2.1090239e-06
24826,5.398833e-06
24827,1.0731384e-07
24828,0.99907255
24829,5.7575573e-07
24830,0.9998826
24831,2.5113777e-06
24832,5.572744e-08
24833,0.99999976
24834,2.127316e-07
24835,0.999957
24836,0.99996555
24837,3.121293e-06
24838,0.9999977
24839,0.99999905
24840,0.9999997
24841,0.9999968
24842,0.9997747
24843,0.93772066
24844,0.9999987
24845,2.5785232e-06
24846,1.1607011e-07
24847,0.99999976
24848,3.167125e-08
24849,0.99999595
24850,9.5734976e-08
24851,1.2734115e-07
24852,0.9999995
24853,0.99999785
24854,1.4442584e-07
24855,0.999995
24856,3.3456786e-07
24857,6.5324105e-07
24858,1.0923518e-06
24859,3.4792274e-07
24860,1.042374e-06
24861,0.99988127
24862,4.759437e-07
24863,0.9999945
24864,0.99998236
24865,0.00095671415
24866,0.00046789646
24867,1.0
24868,0.99998915
24869,9.881964e-06
24870,0.9999988
24871,0.9999989
24872,1.1026161e-06
24873,0.9999948
24874,1.0
24875,1.4145273e-07
24876,0.9974424
24877,0.99998206
24878,0.9999856
24879,2.5485117e-06
24880,0.9999997
24881,0.05321777
24882,4.89457e-07
24883,0.9999773
24884,0.99999917
24885,5.0288977e-06
24886,6.642356e-08
24887,0.99977267
24888,0.00456813
24889,9.97903e-07
24890,8.667754e-06
24891,0.9999988
24892,1.4655107e-08
24893,1.0
24894,9.2508236e-07
24895,0.9999538
24896,0.0012801886
24897,0.9999999
24898,1.0419079e-06
24899,9.344618e-07
24900,0.99999964
24901,3.6279647e-07
24902,0.99998367
24903,0.9999805
24904,1.0
24905,1.3116856e-05
24906,0.9999975
24907,0.0005455613
24908,0.99999976
24909,1.0973578e-07
24910,0.9406787
24911,0.99998647
24912,0.99813586
24913,1.9422605e-06
24914,0.99992967
24915,0.99999774
24916,1.0172433e-06
24917,1.0898044e-08
24918,0.9999993
24919,0.9999906
24920,9.739113e-07
24921,1.6738272e-06
24922,4.1140618e-07
24923,0.99999905
24924,0.9999492
24925,0.9999999
24926,0.99999815
24927,1.9360248e-06
24928,0.9999908
24929,0.9999584
24930,0.99998164
24931,1.2677956e-08
24932,3.107402e-08
24933,0.9999994
24934,2.2591152e-05
24935,8.16284e-06
24936,0.9902111
24937,0.99999917
24938,0.99990785
24939,0.05027169
24940,5.813635e-06
24941,5.9112487e-08
24942,0.0002425611
24943,0.95148426
24944,0.99999917
24945,0.9999969
24946,0.9999993
24947,2.1895603e-06
24948,0.9999962
24949,4.114984e-07
24950,0.9999993
24951,1.5714512e-06
24952,1.9392981e-07
24953,1.2129061e-07
24954,3.015207e-07
24955,1.3645949e-06
24956,0.99846196
24957,0.9995993
24958,5.04924e-06
24959,0.9999403
24960,0.9993712
24961,4.7867008e-08
24962,4.728366e-05
24963,0.99999964
24964,3.37322e-08
24965,5.9277477e-07
24966,0.99675024
24967,0.9999995
24968,0.8696775
24969,0.99999946
24970,0.9999931
24971,3.883371e-06
24972,0.9999987
24973,0.9999541
24974,9.159482e-07
24975,0.9999801
24976,0.9999939
24977,1.1354171e-07
24978,0.99999905
24979,1.3253778e-07
24980,3.4848608e-06
24981,2.721756e-07
24982,0.0002348721
24983,0.99999654
24984,0.9999992
24985,0.9999994
24986,0.99999833
24987,2.3900958e-07
24988,3.5772491e-06
24989,0.9558913
24990,0.9999622
24991,1.092621e-07
24992,6.8070967e-06
24993,0.99999785
24994,2.5430404e-07
24995,0.00026151538
24996,1.2846223e-05
24997,1.9585675e-06
24998,0.9997406
24999,0.99986166
25000,0.9999735
25001,5.7662476e-08
25002,0.99996877
25003,0.99996424
25004,0.9999932
25005,0.0002542436
25006,0.0001706481
25007,0.99995816
25008,0.9999981
25009,0.9999281
25010,0.9999981
25011,0.9999994
25012,1.6730013e-07
25013,1.805385e-07
25014,0.9988915
25015,0.99999964
25016,4.2984686e-07
25017,0.9999802
25018,0.9999998
25019,0.000104296974
25020,0.99998087
25021,0.99999475
25022,0.9999987
25023,4.4028575e-08
25024,0.9999942
25025,0.9999622
25026,6.0886646e-06
25027,1.0
25028,0.9999541
25029,9.776503e-07
25030,2.814594e-07
25031,0.99999535
25032,2.3050389e-07
25033,1.4377288e-06
25034,3.7129263e-07
25035,0.9926164
25036,4.331375e-06
25037,1.1403281e-06
25038,0.99990356
25039,0.9999993
25040,5.576508e-08
25041,2.2862645e-08
25042,0.9999964
25043,8.0806785e-07
25044,1.8996108e-08
25045,0.9998679
25046,0.99999857
25047,0.99995583
25048,6.421366e-07
25049,1.0
25050,0.9999978
25051,0.5164359
25052,2.197283e-08
25053,1.0392226e-06
25054,0.99999976
25055,0.9999989
25056,0.99999684
25057,0.99999464
25058,6.163547e-07
25059,0.9999964
25060,2.91232e-07
25061,0.9999813
25062,0.9999975
25063,1.2606101e-06
25064,0.9999993
25065,0.99999845
25066,0.9999946
25067,0.99449337
25068,0.9998485
25069,0.9999886
25070,1.5247915e-06
25071,0.9999958
25072,1.1886804e-06
25073,1.242908e-06
25074,0.9693804
25075,5.227917e-07
25076,6.522886e-07
25077,0.9999928
25078,8.115455e-07
25079,1.2291724e-07
25080,1.5264676e-06
25081,1.0
25082,1.3552125e-05
25083,1.1246142e-06
25084,0.9999987
25085,0.00011151912
25086,0.9999703
25087,0.99999964
25088,0.99999785
25089,0.00017726421
25090,0.9999895
25091,1.0539413e-06
25092,0.9999888
25093,0.9999825
25094,0.99999654
25095,0.99999875
25096,0.99999934
25097,1.0
25098,1.0801332e-06
25099,4.6949683e-08
25100,0.9999958
25101,0.999973
25102,0.9999995
25103,3.1652482e-07
25104,0.0033495426
25105,0.99999166
25106,3.695292e-07
25107,5.9869556e-08
25108,0.99999857
25109,0.99999976
25110,6.518293e-08
25111,5.7230227e-06
25112,1.8873292e-05
25113,5.486852e-07
25114,1.0
25115,4.1059973e-08
25116,2.0022381e-07
25117,0.9999925
25118,0.999995
25119,4.5889504e-07
25120,2.7924626e-08
25121,0.9999997
25122,2.0354258e-07
25123,1.0
25124,0.99999857
25125,1.0
25126,1.812172e-08
25127,0.99999416
25128,2.046296e-07
25129,0.00016701221
25130,0.999985
25131,0.9999975
25132,0.004107952
25133,6.960267e-06
25134,0.9999987
25135,1.178928e-05
25136,1.3506352e-08
25137,0.99984545
25138,0.99999964
25139,0.99999094
25140,3.930303e-07
25141,2.737987e-06
25142,2.540076e-07
25143,1.0
25144,0.9999888
25145,0.99998736
25146,1.1849842e-07
25147,2.4822421e-08
25148,5.193517e-06
25149,0.9999995
25150,5.8387803e-07
25151,0.99999815
25152,0.9999975
25153,1.1062847e-06
25154,0.97709584
25155,2.7000112e-07
25156,1.2655935e-06
25157,1.7406343e-06
25158,0.9999982
25159,3.8953308e-07
25160,2.5579495e-06
25161,1.0
25162,7.796723e-07
25163,4.2915138e-07
25164,0.99998486
25165,2.9099795e-07
25166,8.144029e-06
25167,4.1473395e-06
25168,1.5577907e-06
25169,0.9999962
25170,0.9999951
25171,2.3568225e-07
25172,0.9999597
25173,2.5548349e-07
25174,0.9999989
25175,2.4680368e-08
25176,7.405354e-07
25177,0.9999906
25178,0.99995035
25179,0.9996749
25180,0.9999894
25181,0.9999677
25182,0.9999981
25183,2.0093646e-08
25184,0.99905705
25185,0.017018348
25186,0.9994501
25187,2.59559e-07
25188,0.9999977
25189,7.578719e-07
25190,1.3213727e-06
25191,0.9999516
25192,0.9999993
25193,0.99908113
25194,0.29613578
25195,0.99999666
25196,4.5462403e-07
25197,0.9999972
25198,0.99993604
25199,0.9999997
25200,0.00011464126
25201,1.0
25202,0.9999703
25203,1.2121135e-06
25204,0.9999987
25205,0.99999213
25206,2.2043829e-05
25207,2.3077226e-05
25208,0.99999905
25209,2.3401503e-07
25210,4.0624127e-06
25211,1.673109e-06
25212,0.9999553
25213,0.99994224
25214,0.99992764
25215,3.755871e-06
25216,4.4308965e-07
25217,0.0029435754
25218,1.0
25219,6.170572e-08
25220,1.925004e-06
25221,0.9999981
25222,0.9999995
25223,0.9999958
25224,0.99999654
25225,4.9951734e-07
25226,0.99999064
25227,2.925322e-07
25228,5.879338e-06
25229,0.99999744
25230,1.9388395e-07
25231,1.7742848e-06
25232,5.1597374e-07
25233,4.9533448e-08
25234,0.99998504
25235,9.836164e-08
25236,0.99999857
25237,0.9999988
25238,0.99942744
25239,0.99996805
25240,0.9999906
25241,3.3517001e-06
25242,1.1999169e-05
25243,0.9999529
25244,5.570165e-07
25245,2.661153e-08
25246,0.9999933
25247,2.2537835e-08
25248,0.9999865
25249,0.002088517
25250,0.9999937
25251,0.99999917
25252,0.999999
25253,1.789394e-07
25254,1.1079086e-06
25255,0.9999936
25256,0.9999413
25257,0.9930941
25258,0.9999995
25259,6.9802354e-08
25260,8.206621e-06
25261,7.961764e-06
25262,6.4016376e-08
25263,0.99999833
25264,9.214872e-09
25265,0.9999972
25266,0.99999833
25267,1.0
25268,3.054177e-08
25269,0.99999696
25270,2.9606266e-05
25271,5.848033e-08
25272,0.9999703
25273,0.9990916
25274,5.083695e-06
25275,0.9996005
25276,1.5310499e-06
25277,0.928051
25278,0.99999064
25279,1.9498457e-06
25280,0.99999964
25281,0.9999989
25282,0.9999994
25283,0.9999703
25284,0.99997985
25285,5.091035e-08
25286,0.9999954
25287,4.6691066e-06
25288,0.9999988
25289,8.295086e-08
25290,3.7357624e-06
25291,0.9999928
25292,4.1036583e-07
25293,2.2754975e-06
25294,2.8378327e-07
25295,4.188882e-06
25296,0.99999356
25297,0.99999976
25298,0.9999933
25299,0.9999977
25300,2.8009713e-06
25301,4.5010808e-07
25302,2.3801327e-07
25303,4.7003537e-06
25304,8.799352e-07
25305,8.678994e-08
25306,0.9999276
25307,0.99999833
25308,4.648474e-06
25309,5.7884546e-07
25310,2.8306765e-06
25311,0.0018205345
25312,4.0162004e-07
25313,0.9998865
25314,0.9999994
25315,0.9999993
25316,7.63946e-08
25317,0.99999845
25318,0.9999989
25319,0.86425364
25320,1.1854963e-07
25321,0.6758255
25322,4.3052937e-06
25323,0.9999995
25324,6.7444303e-06
25325,0.000120307996
25326,7.0642847e-07
25327,4.0105357e-07
25328,1.5247857e-06
25329,1.4952095e-06
25330,0.99999905
25331,5.4030956e-05
25332,0.99999976
25333,0.00086033344
25334,0.0003233552
25335,0.9999443
25336,0.99999917
25337,0.9999808
25338,8.322599e-06
25339,0.99999905
25340,1.4319365e-06
25341,0.9999996
25342,1.3973831e-06
25343,2.8719685e-07
25344,0.9999891
25345,0.999999
25346,1.0
25347,1.0
25348,7.014629e-08
25349,0.99997437
25350,0.99992394
25351,0.00023579597
25352,6.437698e-06
25353,0.9673227
25354,0.99999946
25355,0.99999756
25356,1.3515244e-06
25357,1.1249157e-06
25358,0.9999982
25359,0.9999988
25360,0.9999703
25361,0.99999905
25362,1.0781953e-06
25363,0.9999703
25364,2.9342743e-07
25365,2.3060495e-06
25366,1.4762587e-06
25367,0.9999872
25368,4.5756597e-06
25369,3.7337145e-08
25370,3.865045e-06
25371,0.0001553297
25372,1.1039428e-08
25373,0.99999905
25374,1.7951542e-07
25375,1.0
25376,2.9518037e-06
25377,0.99990034
25378,9.0528914e-07
25379,8.138851e-06
25380,0.9999904
25381,3.111957e-06
25382,0.9999926
25383,0.9999985
25384,3.162845e-06
25385,5.4705714e-07
25386,0.9999968
25387,0.9999981
25388,5.8348526e-08
25389,0.9493465
25390,1.941131e-06
25391,5.256388e-07
25392,8.028407e-07
25393,0.99997175
25394,2.308931e-07
25395,0.99999356
25396,0.99999195
25397,0.999967
25398,1.648982e-08
25399,3.0502375e-07
25400,0.99999934
25401,0.9999998
25402,0.99999976
25403,0.9999987
25404,0.99999917
25405,1.0
25406,0.99999917
25407,4.4041826e-07
25408,4.563655e-07
25409,1.0
25410,0.99892175
25411,5.109273e-05
25412,4.2917264e-07
25413,0.9999997
25414,0.99999964
25415,0.99999917
25416,0.00015687943
25417,6.100338e-07
25418,8.9422525e-07
25419,2.4249657e-06
25420,0.9999993
25421,0.99999714
25422,1.4638989e-06
25423,1.0138672e-06
25424,0.99994826
25425,9.6910775e-08
25426,0.9999993
25427,0.9999998
25428,1.0
25429,1.0
25430,0.99999964
25431,0.99999976
25432,1.1019281e-05
25433,4.7469537e-05
25434,1.5363213e-06
25435,0.99984974
25436,1.8432752e-07
25437,0.9999703
25438,1.0
25439,5.4373945e-08
25440,0.9999998
25441,1.4829689e-07
25442,0.000105787374
25443,1.0165115e-07
25444,6.8020675e-08
25445,0.9999703
25446,1.6552528e-08
25447,0.9989272
25448,7.02834e-07
25449,9.311885e-06
25450,1.1455415e-06
25451,0.999995
25452,4.4739267e-07
25453,0.99998856
25454,6.468296e-08
25455,6.63418e-07
25456,1.0078372e-06
25457,0.99999964
25458,0.9999992
25459,1.0
25460,1.2715317e-07
25461,0.99999464
25462,4.0260964e-08
25463,2.4460858e-06
25464,0.9998881
25465,1.0215339e-07
25466,0.9999772
25467,1.0935045e-08
25468,0.99988586
25469,1.870259e-07
25470,0.99998015
25471,0.9999987
25472,2.2728386e-06
25473,1.0628838e-07
25474,0.98599535
25475,0.99999946
25476,9.57043e-08
25477,0.9999938
25478,9.753552e-08
25479,2.2329157e-08
25480,0.99999964
25481,0.9997983
25482,0.99999857
25483,0.9998941
25484,2.7736467e-05
25485,0.9999703
25486,0.99999166
25487,0.9999614
25488,1.9634563e-06
25489,1.8788392e-06
25490,0.0001938343
25491,0.9999764
25492,0.9999696
25493,1.1133829e-07
25494,3.2228775e-06
25495,0.9999902
25496,0.99999774
25497,0.9998232
25498,0.9999855
25499,0.9999906
25500,1.7447418e-07
25501,4.5657885e-05
25502,0.9999983
25503,0.9999914
25504,4.6446407e-06
25505,0.9999917
25506,0.99998343
25507,0.99998033
25508,1.0
25509,1.9929113e-05
25510,0.9999906
25511,0.9999934
25512,0.9999959
25513,0.99999976
25514,0.01602605
25515,5.161472e-06
25516,0.9999994
25517,2.7817393e-07
25518,1.5618123e-07
25519,0.9999993
25520,1.0
25521,2.0175608e-07
25522,0.9999995
25523,5.6922246e-08
25524,0.9999988
25525,1.2217506e-06
25526,1.0
25527,3.51112e-07
25528,1.4247625e-07
25529,0.99978244
25530,1.6044355e-07
25531,2.597264e-07
25532,0.9999983
25533,2.0277224e-07
25534,0.99998546
25535,0.99999404
25536,0.99999446
25537,2.8066813e-07
25538,0.9999993
25539,7.847509e-07
25540,2.9517446e-06
25541,0.9999989
25542,4.1435385e-05
25543,0.99999905
25544,0.99999964
25545,0.0045592487
25546,0.9999995
25547,0.9999966
25548,3.918837e-06
25549,0.9999968
25550,3.6806117e-07
25551,0.9999892
25552,2.7772924e-08
25553,1.910235e-06
25554,1.0150333e-07
25555,1.0610589e-05
25556,0.00012597442
25557,2.6332506e-07
25558,0.9999952
25559,0.99997056
25560,0.00020420551
25561,0.99992526
25562,0.99996054
25563,3.345591e-08
25564,2.0733307e-06
25565,2.3380503e-06
25566,0.9999884
25567,2.618341e-07
25568,0.9999993
25569,0.99999976
25570,0.99999917
25571,2.9956983e-08
25572,0.9999946
25573,0.00017502904
25574,4.0452884e-05
25575,1.0
25576,0.99999857
25577,0.9999988
25578,3.2593412e-06
25579,0.99999905
25580,8.2772865e-05
25581,0.9999988
25582,1.1797443e-07
25583,0.99999964
25584,0.99999905
25585,2.551122e-07
25586,3.167643e-07
25587,0.9999956
25588,4.5952174e-07
25589,1.3436753e-07
25590,1.2559032e-07
25591,0.9999958
25592,1.9591225e-06
25593,4.4191563e-07
25594,2.8930851e-06
25595,0.9999998
25596,1.8922202e-07
25597,0.99998176
25598,0.9999838
25599,6.932229e-07
25600,0.9999999
25601,0.999997
25602,3.1769702e-07
25603,0.99999964
25604,0.061781585
25605,1.0706176e-07
25606,1.4409112e-07
25607,2.8924657e-07
25608,0.99999976
25609,0.9999703
25610,1.2861116e-07
25611,0.9999932
25612,1.0
25613,1.0199691e-06
25614,0.99999905
25615,7.539477e-08
25616,2.0448796e-07
25617,0.0013581216
25618,9.123242e-07
25619,4.6262572e-05
25620,0.9999995
25621,1.6299798e-07
25622,0.9999901
25623,0.99999845
25624,0.9999994
25625,0.99867046
25626,0.99999
25627,0.9999987
25628,2.1935762e-07
25629,0.99999774
25630,0.9999703
25631,0.9970178
25632,0.9999984
25633,0.9999602
25634,0.99994767
25635,0.99999964
25636,5.046508e-07
25637,2.624198e-07
25638,4.4607157e-05
25639,0.9999411
25640,1.0
25641,2.1907856e-05
25642,9.123259e-07
25643,1.0
25644,1.9086222e-07
25645,0.999984
25646,0.00030183792
25647,1.1003486e-07
25648,1.8366406e-07
25649,0.9994638
25650,0.99982905
25651,5.98132e-07
25652,3.3184144e-05
25653,0.9999996
25654,9.779562e-07
25655,0.9999925
25656,0.9725201
25657,5.9534653e-08
25658,0.99983436
25659,4.3038546e-07
25660,1.982591e-07
25661,8.6647495e-05
25662,0.9999989
25663,0.93167776
25664,3.180094e-06
25665,1.2368881e-06
25666,1.0
25667,1.0176509e-06
25668,4.0311696e-07
25669,2.975013e-07
25670,9.4319255e-08
25671,1.5985684e-06
25672,0.9999995
25673,0.9999939
25674,1.3945048e-06
25675,2.2651482e-06
25676,1.2334061e-06
25677,2.454468e-06
25678,0.7826286
25679,1.4709767e-05
25680,8.724862e-06
25681,0.99999964
25682,0.99980736
25683,9.4632815e-06
25684,3.504257e-08
25685,0.9999969
25686,0.9999703
25687,1.7473428e-07
25688,0.9999979
25689,6.150022e-08
25690,1.9850675e-07
25691,3.8999252e-07
25692,1.1969372e-07
25693,1.6235725e-07
25694,0.99301696
25695,0.99999166
25696,3.479171e-07
25697,0.4745191
25698,4.9586697e-07
25699,0.9999986
25700,0.99999857
25701,2.1255639e-07
25702,0.9999981
25703,4.8474503e-06
25704,1.5246054e-06
25705,4.2238944e-06
25706,0.99998736
25707,2.581637e-07
25708,1.0
25709,0.9999836
25710,0.99999785
25711,0.7692375
25712,0.9999999
25713,2.27642e-06
25714,0.9406787
25715,0.99987376
25716,7.775024e-06
25717,0.9999997
25718,0.99999976
25719,2.3431285e-06
25720,0.99999475
25721,2.0784157e-05
25722,0.00021314621
25723,1.8782936e-07
25724,0.99997616
25725,0.9999987
25726,1.0
25727,4.929183e-07
25728,9.633743e-08
25729,0.00037318468
25730,0.99999726
25731,0.99998677
25732,0.9999919
25733,2.597031e-07
25734,0.9999994
25735,1.2199513e-07
25736,2.2589425e-07
25737,0.9999975
25738,1.9629141e-07
25739,0.999964
25740,0.99999124
25741,1.2839248e-06
25742,4.330059e-07
25743,0.9999992
25744,3.1179206e-07
25745,0.0043458045
25746,1.230506e-07
25747,0.9999981
25748,7.189665e-08
25749,7.550911e-06
25750,0.9997597
25751,0.9999835
25752,0.9999991
25753,1.0
25754,6.1628743e-06
25755,0.99978423
25756,0.9999994
25757,1.0
25758,0.0013371408
25759,3.643672e-07
25760,4.091634e-07
25761,0.9999906
25762,0.99999803
25763,0.9999445
25764,0.99999666
25765,8.903369e-08
25766,3.4308775e-07
25767,1.0
25768,0.9999703
25769,0.9999997
25770,0.0009821355
25771,1.2797702e-07
25772,0.9988394
25773,3.8401691e-07
25774,1.4997472e-07
25775,1.3595516e-07
25776,4.1787313e-08
25777,1.5418466e-07
25778,6.073435e-08
25779,3.7263598e-07
25780,0.9999895
25781,1.6279105e-07
25782,0.99999976
25783,0.99999815
25784,1.3979576e-06
25785,1.2907883e-07
25786,1.0469858e-08
25787,0.9999995
25788,0.99991894
25789,0.99999756
25790,1.7943053e-07
25791,0.99999034
25792,1.365874e-07
25793,0.9999856
25794,3.084786e-07
25795,1.0132228e-07
25796,2.6584758e-07
25797,0.9998818
25798,1.12246845e-07
25799,0.99999934
25800,0.9999996
25801,2.8885648e-07
25802,0.9999981
25803,2.6239506e-05
25804,9.6450876e-08
25805,1.4537949e-07
25806,0.0007945597
25807,0.9999989
25808,0.9999889
25809,0.0022229254
25810,0.99999976
25811,0.999998
25812,0.011260033
25813,3.7741398e-08
25814,1.0
25815,0.99999416
25816,7.185022e-07
25817,0.9999957
25818,0.99999845
25819,0.99997294
25820,0.9999189
25821,1.2967262e-06
25822,0.9999703
25823,5.885307e-06
25824,0.99999917
25825,0.99999285
25826,0.99989486
25827,3.1753646e-07
25828,1.0250076e-06
25829,1.0577349e-07
25830,2.5018966e-08
25831,0.9999983
25832,3.4111765e-06
25833,7.7515836e-08
25834,2.702126e-07
25835,6.058698e-07
25836,0.9994176
25837,5.7318818e-08
25838,2.3466515e-07
25839,2.2254294e-07
25840,2.6153538e-07
25841,8.645018e-06
25842,0.9999945
25843,1.0
25844,0.9999975
25845,0.99999356
25846,0.9999931
25847,1.4198821e-07
25848,3.7991654e-08
25849,0.9999991
25850,0.99999523
25851,3.7445477e-06
25852,2.7313641e-05
25853,0.9999995
25854,1.2721024e-06
25855,6.504148e-08
25856,6.0777086e-07
25857,0.99976087
25858,2.2953529e-08
25859,1.6447885e-06
25860,9.725951e-07
25861,0.9990916
25862,7.0799587e-07
25863,0.9999913
25864,0.00067156553
25865,1.2791484e-08
25866,0.9999906
25867,0.999993
25868,7.205917e-07
25869,0.99999595
25870,1.89109e-06
25871,0.9999989
25872,8.750385e-08
25873,0.99999905
25874,0.9999996
25875,0.9999981
25876,1.1149491e-07
25877,1.363709e-06
25878,4.970686e-07
25879,0.23033431
25880,6.270695e-05
25881,2.0540855e-07
25882,9.150389e-08
25883,2.99746e-07
25884,3.7880045e-06
25885,0.9999994
25886,0.9998876
25887,0.9999286
25888,0.9997548
25889,0.0050801337
25890,0.9999703
25891,0.9999479
25892,0.9987983
25893,6.2549036e-05
25894,5.8511355e-06
25895,0.99999774
25896,0.9999996
25897,1.317031e-06
25898,0.99999964
25899,0.9997018
25900,1.0
25901,2.6812052e-07
25902,0.99999905
25903,4.2009535e-07
25904,1.8216795e-06
25905,0.97578037
25906,3.3307366e-08
25907,3.4294578e-07
25908,1.0
25909,0.99999607
25910,3.5291708e-07
25911,1.7242694e-08
25912,1.0
25913,1.3686463e-05
25914,0.00032904744
25915,0.9999948
25916,0.99995375
25917,0.9995826
25918,0.9999975
25919,0.99999285
25920,0.9999957
25921,0.999984
25922,0.99999964
25923,0.99924684
25924,9.791987e-08
25925,1.4801093e-05
25926,3.8853525e-08
25927,0.98137546
25928,3.6530278e-07
25929,0.9999988
25930,1.8655473e-07
25931,0.00014734268
25932,3.2370794e-05
25933,3.859126e-08
25934,0.9999989
25935,0.9999969
25936,0.9999993
25937,0.999998
25938,7.0440315e-08
25939,1.1102106e-05
25940,0.9999994
25941,0.9999952
25942,5.6735704e-08
25943,0.99999976
25944,0.9999995
25945,0.99999976
25946,0.9999501
25947,1.0
25948,9.059222e-07
25949,1.3964079e-06
25950,0.99989307
25951,0.9999703
25952,0.99974394
25953,5.69911e-07
25954,1.0
25955,2.3240084e-07
25956,5.282175e-06
25957,0.01048696
25958,0.9996569
25959,8.712614e-08
25960,1.5322901e-06
25961,0.99999565
25962,3.4385568e-08
25963,0.94898295
25964,2.8509767e-06
25965,7.229978e-06
25966,4.075132e-08
25967,0.99998987
25968,2.4032415e-06
25969,5.4482615e-07
25970,0.9999987
25971,1.0776577e-06
25972,0.999983
25973,3.6868403e-07
25974,0.99999684
25975,5.0725802e-08
25976,3.2506787e-07
25977,3.6960745e-07
25978,1.0709117e-07
25979,3.1597682e-07
25980,3.189526e-07
25981,0.999999
25982,0.0001243949
25983,8.4067565e-08
25984,1.1331007e-06
25985,5.572487e-07
25986,0.9999936
25987,6.3196753e-06
25988,7.333102e-07
25989,0.998803
25990,2.4708324e-06
25991,2.198352e-08
25992,0.99999595
25993,2.7275817e-07
25994,1.3169299e-07
25995,0.005104959
25996,3.8024675e-06
25997,5.180821e-07
25998,0.9999883
25999,3.8357775e-05
